timestamp,zone_temp_c,heating_setpoint_c,cooling_setpoint_c,supply_air_temp_c,supply_duct_static_pressure_pa,supply_airflow_m3_s
0,21.6,18.0,28.0,16.0,200.0,0.039424
60,21.5932,18.0,28.0,16.0,200.0,0.039308
120,21.5864,18.0,28.0,16.0,200.0,0.039555
180,21.5797,18.0,28.0,16.0,200.0,0.042808
240,21.5729,18.0,28.0,16.0,200.0,0.03949
300,21.5662,18.0,28.0,16.0,200.0,0.034011
360,21.5595,18.0,28.0,16.0,200.0,0.041329
420,21.5528,18.0,28.0,16.0,200.0,0.038931
480,21.5461,18.0,28.0,16.0,200.0,0.039132
540,21.5395,18.0,28.0,16.0,200.0,0.040464
600,21.5329,18.0,28.0,16.0,200.0,0.040929
660,21.5262,18.0,28.0,16.0,200.0,0.044654
720,21.5196,18.0,28.0,16.0,200.0,0.042627
780,21.5131,18.0,28.0,16.0,200.0,0.040442
840,21.5065,18.0,28.0,16.0,200.0,0.037047
900,21.5,18.0,28.0,16.0,200.0,0.035941
960,21.4935,18.0,28.0,16.0,200.0,0.040985
1020,21.487,18.0,28.0,16.0,200.0,0.045244
1080,21.4805,18.0,28.0,16.0,200.0,0.040167
1140,21.474,18.0,28.0,16.0,200.0,0.039575
1200,21.4676,18.0,28.0,16.0,200.0,0.042127
1260,21.4611,18.0,28.0,16.0,200.0,0.034186
1320,21.4547,18.0,28.0,16.0,200.0,0.038751
1380,21.4484,18.0,28.0,16.0,200.0,0.041961
1440,21.442,18.0,28.0,16.0,200.0,0.043494
1500,21.4356,18.0,28.0,16.0,200.0,0.039037
1560,21.4293,18.0,28.0,16.0,200.0,0.041506
1620,21.423,18.0,28.0,16.0,200.0,0.040993
1680,21.4167,18.0,28.0,16.0,200.0,0.043129
1740,21.4105,18.0,28.0,16.0,200.0,0.035547
1800,21.4042,18.0,28.0,16.0,200.0,0.042273
1860,21.398,18.0,28.0,16.0,200.0,0.033942
1920,21.3918,18.0,28.0,16.0,200.0,0.02952
1980,21.3856,18.0,28.0,16.0,200.0,0.037572
2040,21.3795,18.0,28.0,16.0,200.0,0.036337
2100,21.3733,18.0,28.0,16.0,200.0,0.043504
2160,21.3672,18.0,28.0,16.0,200.0,0.042657
2220,21.3611,18.0,28.0,16.0,200.0,0.035124
2280,21.3551,18.0,28.0,16.0,200.0,0.043389
2340,21.349,18.0,28.0,16.0,200.0,0.035991
2400,21.343,18.0,28.0,16.0,200.0,0.039655
2460,21.337,18.0,28.0,16.0,200.0,0.038824
2520,21.331,18.0,28.0,16.0,200.0,0.040458
2580,21.325,18.0,28.0,16.0,200.0,0.043275
2640,21.3191,18.0,28.0,16.0,200.0,0.042554
2700,21.3132,18.0,28.0,16.0,200.0,0.0414
2760,21.3073,18.0,28.0,16.0,200.0,0.0426
2820,21.3014,18.0,28.0,16.0,200.0,0.041914
2880,21.2956,18.0,28.0,16.0,200.0,0.037492
2940,21.2897,18.0,28.0,16.0,200.0,0.037131
3000,21.2839,18.0,28.0,16.0,200.0,0.03812
3060,21.2782,18.0,28.0,16.0,200.0,0.041997
3120,21.2724,18.0,28.0,16.0,200.0,0.039
3180,21.2667,18.0,28.0,16.0,200.0,0.049343
3240,21.261,18.0,28.0,16.0,200.0,0.036723
3300,21.2553,18.0,28.0,16.0,200.0,0.035605
3360,21.2496,18.0,28.0,16.0,200.0,0.043074
3420,21.244,18.0,28.0,16.0,200.0,0.045687
3480,21.2384,18.0,28.0,16.0,200.0,0.042023
3540,21.2328,18.0,28.0,16.0,200.0,0.043343
3600,21.2272,18.0,28.0,16.0,200.0,0.045705
3660,21.2217,18.0,28.0,16.0,200.0,0.039624
3720,21.2161,18.0,28.0,16.0,200.0,0.034308
3780,21.2107,18.0,28.0,16.0,200.0,0.037872
3840,21.2052,18.0,28.0,16.0,200.0,0.043812
3900,21.1997,18.0,28.0,16.0,200.0,0.034225
3960,21.1943,18.0,28.0,16.0,200.0,0.040134
4020,21.1889,18.0,28.0,16.0,200.0,0.041013
4080,21.1836,18.0,28.0,16.0,200.0,0.038738
4140,21.1782,18.0,28.0,16.0,200.0,0.042895
4200,21.1729,18.0,28.0,16.0,200.0,0.042323
4260,21.1676,18.0,28.0,16.0,200.0,0.049286
4320,21.1623,18.0,28.0,16.0,200.0,0.04248
4380,21.1571,18.0,28.0,16.0,200.0,0.037562
4440,21.1519,18.0,28.0,16.0,200.0,0.037753
4500,21.1467,18.0,28.0,16.0,200.0,0.036674
4560,21.1415,18.0,28.0,16.0,200.0,0.043809
4620,21.1364,18.0,28.0,16.0,200.0,0.037733
4680,21.1313,18.0,28.0,16.0,200.0,0.039719
4740,21.1262,18.0,28.0,16.0,200.0,0.042997
4800,21.1211,18.0,28.0,16.0,200.0,0.037106
4860,21.1161,18.0,28.0,16.0,200.0,0.038825
4920,21.1111,18.0,28.0,16.0,200.0,0.032635
4980,21.1061,18.0,28.0,16.0,200.0,0.03567
5040,21.1011,18.0,28.0,16.0,200.0,0.037729
5100,21.0962,18.0,28.0,16.0,200.0,0.041663
5160,21.0913,18.0,28.0,16.0,200.0,0.044774
5220,21.0864,18.0,28.0,16.0,200.0,0.039926
5280,21.0816,18.0,28.0,16.0,200.0,0.041045
5340,21.0768,18.0,28.0,16.0,200.0,0.040672
5400,21.072,18.0,28.0,16.0,200.0,0.044339
5460,21.0672,18.0,28.0,16.0,200.0,0.043573
5520,21.0625,18.0,28.0,16.0,200.0,0.041095
5580,21.0577,18.0,28.0,16.0,200.0,0.035956
5640,21.0531,18.0,28.0,16.0,200.0,0.043614
5700,21.0484,18.0,28.0,16.0,200.0,0.041524
5760,21.0438,18.0,28.0,16.0,200.0,0.044908
5820,21.0392,18.0,28.0,16.0,200.0,0.03988
5880,21.0346,18.0,28.0,16.0,200.0,0.047812
5940,21.03,18.0,28.0,16.0,200.0,0.038564
6000,21.0255,18.0,28.0,16.0,200.0,0.046372
6060,21.021,18.0,28.0,16.0,200.0,0.04046
6120,21.0166,18.0,28.0,16.0,200.0,0.037935
6180,21.0121,18.0,28.0,16.0,200.0,0.035486
6240,21.0077,18.0,28.0,16.0,200.0,0.039396
6300,21.0034,18.0,28.0,16.0,200.0,0.045693
6360,20.999,18.0,28.0,16.0,200.0,0.043265
6420,20.9947,18.0,28.0,16.0,200.0,0.042756
6480,20.9904,18.0,28.0,16.0,200.0,0.030497
6540,20.9861,18.0,28.0,16.0,200.0,0.042844
6600,20.9819,18.0,28.0,16.0,200.0,0.042223
6660,20.9777,18.0,28.0,16.0,200.0,0.0378
6720,20.9735,18.0,28.0,16.0,200.0,0.03749
6780,20.9694,18.0,28.0,16.0,200.0,0.039991
6840,20.9652,18.0,28.0,16.0,200.0,0.0469
6900,20.9612,18.0,28.0,16.0,200.0,0.03578
6960,20.9571,18.0,28.0,16.0,200.0,0.038289
7020,20.9531,18.0,28.0,16.0,200.0,0.045447
7080,20.9491,18.0,28.0,16.0,200.0,0.038215
7140,20.9451,18.0,28.0,16.0,200.0,0.038543
7200,20.9412,18.0,28.0,16.0,200.0,0.040391
7260,20.9372,18.0,28.0,16.0,200.0,0.035035
7320,20.9334,18.0,28.0,16.0,200.0,0.04088
7380,20.9295,18.0,28.0,16.0,200.0,0.035162
7440,20.9257,18.0,28.0,16.0,200.0,0.043541
7500,20.9219,18.0,28.0,16.0,200.0,0.040013
7560,20.9181,18.0,28.0,16.0,200.0,0.049134
7620,20.9144,18.0,28.0,16.0,200.0,0.041123
7680,20.9107,18.0,28.0,16.0,200.0,0.045463
7740,20.907,18.0,28.0,16.0,200.0,0.034787
7800,20.9034,18.0,28.0,16.0,200.0,0.039511
7860,20.8998,18.0,28.0,16.0,200.0,0.041293
7920,20.8962,18.0,28.0,16.0,200.0,0.046983
7980,20.8926,18.0,28.0,16.0,200.0,0.033276
8040,20.8891,18.0,28.0,16.0,200.0,0.043962
8100,20.8856,18.0,28.0,16.0,200.0,0.042365
8160,20.8822,18.0,28.0,16.0,200.0,0.046134
8220,20.8787,18.0,28.0,16.0,200.0,0.04285
8280,20.8753,18.0,28.0,16.0,200.0,0.040208
8340,20.872,18.0,28.0,16.0,200.0,0.037913
8400,20.8686,18.0,28.0,16.0,200.0,0.035007
8460,20.8653,18.0,28.0,16.0,200.0,0.040782
8520,20.8621,18.0,28.0,16.0,200.0,0.039233
8580,20.8588,18.0,28.0,16.0,200.0,0.048081
8640,20.8556,18.0,28.0,16.0,200.0,0.037556
8700,20.8524,18.0,28.0,16.0,200.0,0.041282
8760,20.8493,18.0,28.0,16.0,200.0,0.033724
8820,20.8462,18.0,28.0,16.0,200.0,0.038418
8880,20.8431,18.0,28.0,16.0,200.0,0.041045
8940,20.84,18.0,28.0,16.0,200.0,0.043296
9000,20.837,18.0,28.0,16.0,200.0,0.045792
9060,20.834,18.0,28.0,16.0,200.0,0.039823
9120,20.8311,18.0,28.0,16.0,200.0,0.035531
9180,20.8281,18.0,28.0,16.0,200.0,0.041831
9240,20.8252,18.0,28.0,16.0,200.0,0.042068
9300,20.8224,18.0,28.0,16.0,200.0,0.041967
9360,20.8196,18.0,28.0,16.0,200.0,0.037199
9420,20.8168,18.0,28.0,16.0,200.0,0.044534
9480,20.814,18.0,28.0,16.0,200.0,0.040352
9540,20.8113,18.0,28.0,16.0,200.0,0.042799
9600,20.8086,18.0,28.0,16.0,200.0,0.045096
9660,20.8059,18.0,28.0,16.0,200.0,0.042437
9720,20.8032,18.0,28.0,16.0,200.0,0.041146
9780,20.8006,18.0,28.0,16.0,200.0,0.048611
9840,20.7981,18.0,28.0,16.0,200.0,0.040975
9900,20.7955,18.0,28.0,16.0,200.0,0.038816
9960,20.793,18.0,28.0,16.0,200.0,0.040448
10020,20.7905,18.0,28.0,16.0,200.0,0.045931
10080,20.7881,18.0,28.0,16.0,200.0,0.040475
10140,20.7857,18.0,28.0,16.0,200.0,0.042078
10200,20.7833,18.0,28.0,16.0,200.0,0.044783
10260,20.781,18.0,28.0,16.0,200.0,0.037949
10320,20.7787,18.0,28.0,16.0,200.0,0.033094
10380,20.7764,18.0,28.0,16.0,200.0,0.041198
10440,20.7741,18.0,28.0,16.0,200.0,0.040919
10500,20.7719,18.0,28.0,16.0,200.0,0.037568
10560,20.7697,18.0,28.0,16.0,200.0,0.043484
10620,20.7676,18.0,28.0,16.0,200.0,0.04243
10680,20.7655,18.0,28.0,16.0,200.0,0.03602
10740,20.7634,18.0,28.0,16.0,200.0,0.042073
10800,20.7613,18.0,28.0,16.0,200.0,0.039216
10860,20.7593,18.0,28.0,16.0,200.0,0.034068
10920,20.7573,18.0,28.0,16.0,200.0,0.041812
10980,20.7554,18.0,28.0,16.0,200.0,0.039819
11040,20.7535,18.0,28.0,16.0,200.0,0.037019
11100,20.7516,18.0,28.0,16.0,200.0,0.042092
11160,20.7497,18.0,28.0,16.0,200.0,0.041952
11220,20.7479,18.0,28.0,16.0,200.0,0.03769
11280,20.7461,18.0,28.0,16.0,200.0,0.041601
11340,20.7444,18.0,28.0,16.0,200.0,0.04406
11400,20.7427,18.0,28.0,16.0,200.0,0.037149
11460,20.741,18.0,28.0,16.0,200.0,0.041524
11520,20.7393,18.0,28.0,16.0,200.0,0.040011
11580,20.7377,18.0,28.0,16.0,200.0,0.049064
11640,20.7361,18.0,28.0,16.0,200.0,0.032551
11700,20.7346,18.0,28.0,16.0,200.0,0.042781
11760,20.7331,18.0,28.0,16.0,200.0,0.038775
11820,20.7316,18.0,28.0,16.0,200.0,0.039599
11880,20.7301,18.0,28.0,16.0,200.0,0.047606
11940,20.7287,18.0,28.0,16.0,200.0,0.039966
12000,20.7273,18.0,28.0,16.0,200.0,0.048964
12060,20.726,18.0,28.0,16.0,200.0,0.038231
12120,20.7247,18.0,28.0,16.0,200.0,0.041402
12180,20.7234,18.0,28.0,16.0,200.0,0.038037
12240,20.7222,18.0,28.0,16.0,200.0,0.037237
12300,20.7209,18.0,28.0,16.0,200.0,0.04025
12360,20.7198,18.0,28.0,16.0,200.0,0.03887
12420,20.7186,18.0,28.0,16.0,200.0,0.04081
12480,20.7175,18.0,28.0,16.0,200.0,0.03158
12540,20.7164,18.0,28.0,16.0,200.0,0.04801
12600,20.7154,18.0,28.0,16.0,200.0,0.039332
12660,20.7144,18.0,28.0,16.0,200.0,0.046972
12720,20.7134,18.0,28.0,16.0,200.0,0.035972
12780,20.7125,18.0,28.0,16.0,200.0,0.04117
12840,20.7116,18.0,28.0,16.0,200.0,0.05266
12900,20.7107,18.0,28.0,16.0,200.0,0.036521
12960,20.7099,18.0,28.0,16.0,200.0,0.034019
13020,20.7091,18.0,28.0,16.0,200.0,0.037814
13080,20.7083,18.0,28.0,16.0,200.0,0.04189
13140,20.7076,18.0,28.0,16.0,200.0,0.042773
13200,20.7068,18.0,28.0,16.0,200.0,0.045161
13260,20.7062,18.0,28.0,16.0,200.0,0.038972
13320,20.7055,18.0,28.0,16.0,200.0,0.033591
13380,20.7049,18.0,28.0,16.0,200.0,0.03826
13440,20.7044,18.0,28.0,16.0,200.0,0.044961
13500,20.7039,18.0,28.0,16.0,200.0,0.041863
13560,20.7034,18.0,28.0,16.0,200.0,0.032172
13620,20.7029,18.0,28.0,16.0,200.0,0.03986
13680,20.7025,18.0,28.0,16.0,200.0,0.045593
13740,20.7021,18.0,28.0,16.0,200.0,0.048506
13800,20.7017,18.0,28.0,16.0,200.0,0.042247
13860,20.7014,18.0,28.0,16.0,200.0,0.041237
13920,20.7011,18.0,28.0,16.0,200.0,0.035039
13980,20.7008,18.0,28.0,16.0,200.0,0.036627
14040,20.7006,18.0,28.0,16.0,200.0,0.040188
14100,20.7004,18.0,28.0,16.0,200.0,0.042013
14160,20.7003,18.0,28.0,16.0,200.0,0.042321
14220,20.7002,18.0,28.0,16.0,200.0,0.038087
14280,20.7001,18.0,28.0,16.0,200.0,0.035392
14340,20.7,18.0,28.0,16.0,200.0,0.036889
14400,20.7,18.0,28.0,16.0,200.0,0.035372
14460,20.7,18.0,28.0,16.0,200.0,0.042574
14520,20.7001,18.0,28.0,16.0,200.0,0.030751
14580,20.7002,18.0,28.0,16.0,200.0,0.038667
14640,20.7003,18.0,28.0,16.0,200.0,0.0418
14700,20.7004,18.0,28.0,16.0,200.0,0.046088
14760,20.7006,18.0,28.0,16.0,200.0,0.040285
14820,20.7008,18.0,28.0,16.0,200.0,0.044005
14880,20.7011,18.0,28.0,16.0,200.0,0.038404
14940,20.7014,18.0,28.0,16.0,200.0,0.037022
15000,20.7017,18.0,28.0,16.0,200.0,0.037302
15060,20.7021,18.0,28.0,16.0,200.0,0.046109
15120,20.7025,18.0,28.0,16.0,200.0,0.043977
15180,20.7029,18.0,28.0,16.0,200.0,0.04195
15240,20.7034,18.0,28.0,16.0,200.0,0.053321
15300,20.7039,18.0,28.0,16.0,200.0,0.039871
15360,20.7044,18.0,28.0,16.0,200.0,0.042481
15420,20.7049,18.0,28.0,16.0,200.0,0.04123
15480,20.7055,18.0,28.0,16.0,200.0,0.039112
15540,20.7062,18.0,28.0,16.0,200.0,0.049265
15600,20.7068,18.0,28.0,16.0,200.0,0.046026
15660,20.7076,18.0,28.0,16.0,200.0,0.034402
15720,20.7083,18.0,28.0,16.0,200.0,0.038401
15780,20.7091,18.0,28.0,16.0,200.0,0.041713
15840,20.7099,18.0,28.0,16.0,200.0,0.043133
15900,20.7107,18.0,28.0,16.0,200.0,0.034606
15960,20.7116,18.0,28.0,16.0,200.0,0.030978
16020,20.7125,18.0,28.0,16.0,200.0,0.032375
16080,20.7134,18.0,28.0,16.0,200.0,0.039716
16140,20.7144,18.0,28.0,16.0,200.0,0.039587
16200,20.7154,18.0,28.0,16.0,200.0,0.041381
16260,20.7164,18.0,28.0,16.0,200.0,0.036921
16320,20.7175,18.0,28.0,16.0,200.0,0.035103
16380,20.7186,18.0,28.0,16.0,200.0,0.031908
16440,20.7198,18.0,28.0,16.0,200.0,0.041317
16500,20.7209,18.0,28.0,16.0,200.0,0.04148
16560,20.7222,18.0,28.0,16.0,200.0,0.043972
16620,20.7234,18.0,28.0,16.0,200.0,0.043163
16680,20.7247,18.0,28.0,16.0,200.0,0.039237
16740,20.726,18.0,28.0,16.0,200.0,0.045397
16800,20.7273,18.0,28.0,16.0,200.0,0.039455
16860,20.7287,18.0,28.0,16.0,200.0,0.037357
16920,20.7301,18.0,28.0,16.0,200.0,0.037918
16980,20.7316,18.0,28.0,16.0,200.0,0.037661
17040,20.7331,18.0,28.0,16.0,200.0,0.031337
17100,20.7346,18.0,28.0,16.0,200.0,0.040625
17160,20.7361,18.0,28.0,16.0,200.0,0.041
17220,20.7377,18.0,28.0,16.0,200.0,0.038551
17280,20.7393,18.0,28.0,16.0,200.0,0.037145
17340,20.741,18.0,28.0,16.0,200.0,0.041487
17400,20.7427,18.0,28.0,16.0,200.0,0.046867
17460,20.7444,18.0,28.0,16.0,200.0,0.040153
17520,20.7461,18.0,28.0,16.0,200.0,0.037969
17580,20.7479,18.0,28.0,16.0,200.0,0.037634
17640,20.7497,18.0,28.0,16.0,200.0,0.039721
17700,20.7516,18.0,28.0,16.0,200.0,0.034941
17760,20.7535,18.0,28.0,16.0,200.0,0.039499
17820,20.7554,18.0,28.0,16.0,200.0,0.040245
17880,20.7573,18.0,28.0,16.0,200.0,0.047379
17940,20.7593,18.0,28.0,16.0,200.0,0.043774
18000,20.7613,18.0,28.0,16.0,200.0,0.044136
18060,20.7634,18.0,28.0,16.0,200.0,0.037148
18120,20.7655,18.0,28.0,16.0,200.0,0.04268
18180,20.7676,18.0,28.0,16.0,200.0,0.035442
18240,20.7697,18.0,28.0,16.0,200.0,0.041248
18300,20.7719,18.0,28.0,16.0,200.0,0.041675
18360,20.7741,18.0,28.0,16.0,200.0,0.036934
18420,20.7764,18.0,28.0,16.0,200.0,0.047998
18480,20.7787,18.0,28.0,16.0,200.0,0.042269
18540,20.781,18.0,28.0,16.0,200.0,0.032389
18600,20.7833,18.0,28.0,16.0,200.0,0.042211
18660,20.7857,18.0,28.0,16.0,200.0,0.03837
18720,20.7881,18.0,28.0,16.0,200.0,0.040006
18780,20.7905,18.0,28.0,16.0,200.0,0.041863
18840,20.793,18.0,28.0,16.0,200.0,0.041562
18900,20.7955,18.0,28.0,16.0,200.0,0.031843
18960,20.7981,18.0,28.0,16.0,200.0,0.035367
19020,20.8006,18.0,28.0,16.0,200.0,0.04309
19080,20.8032,18.0,28.0,16.0,200.0,0.045205
19140,20.8059,18.0,28.0,16.0,200.0,0.047613
19200,20.8086,18.0,28.0,16.0,200.0,0.047213
19260,20.8113,18.0,28.0,16.0,200.0,0.031778
19320,20.814,18.0,28.0,16.0,200.0,0.043078
19380,20.8168,18.0,28.0,16.0,200.0,0.032335
19440,20.8196,18.0,28.0,16.0,200.0,0.046454
19500,20.8224,18.0,28.0,16.0,200.0,0.041013
19560,20.8252,18.0,28.0,16.0,200.0,0.035435
19620,20.8281,18.0,28.0,16.0,200.0,0.04804
19680,20.8311,18.0,28.0,16.0,200.0,0.042576
19740,20.834,18.0,28.0,16.0,200.0,0.032435
19800,20.837,18.0,28.0,16.0,200.0,0.041174
19860,20.84,18.0,28.0,16.0,200.0,0.037075
19920,20.8431,18.0,28.0,16.0,200.0,0.040445
19980,20.8462,18.0,28.0,16.0,200.0,0.038139
20040,20.8493,18.0,28.0,16.0,200.0,0.045494
20100,20.8524,18.0,28.0,16.0,200.0,0.034307
20160,20.8556,18.0,28.0,16.0,200.0,0.04127
20220,20.8588,18.0,28.0,16.0,200.0,0.047257
20280,20.8621,18.0,28.0,16.0,200.0,0.036692
20340,20.8653,18.0,28.0,16.0,200.0,0.040843
20400,20.8686,18.0,28.0,16.0,200.0,0.040808
20460,20.872,18.0,28.0,16.0,200.0,0.037241
20520,20.8753,18.0,28.0,16.0,200.0,0.042592
20580,20.8787,18.0,28.0,16.0,200.0,0.040388
20640,20.8822,18.0,28.0,16.0,200.0,0.036225
20700,20.8856,18.0,28.0,16.0,200.0,0.047048
20760,20.8891,18.0,28.0,16.0,200.0,0.043166
20820,20.8926,18.0,28.0,16.0,200.0,0.039332
20880,20.8962,18.0,28.0,16.0,200.0,0.037453
20940,20.8998,18.0,28.0,16.0,200.0,0.036863
21000,20.9034,18.0,28.0,16.0,200.0,0.044924
21060,20.907,18.0,28.0,16.0,200.0,0.039414
21120,20.9107,18.0,28.0,16.0,200.0,0.041838
21180,20.9144,18.0,28.0,16.0,200.0,0.039262
21240,20.9181,18.0,28.0,16.0,200.0,0.042466
21300,20.9219,18.0,28.0,16.0,200.0,0.039536
21360,20.9257,18.0,28.0,16.0,200.0,0.043055
21420,20.9295,18.0,28.0,16.0,200.0,0.039267
21480,20.9334,18.0,28.0,16.0,200.0,0.043318
21540,20.9372,18.0,28.0,16.0,200.0,0.04269
21600,20.9412,18.0,28.0,16.0,200.0,0.039534
21660,20.9451,18.0,28.0,16.0,200.0,0.036561
21720,20.9491,18.0,28.0,16.0,200.0,0.03624
21780,20.9531,18.0,28.0,16.0,200.0,0.037037
21840,20.9571,18.0,28.0,16.0,200.0,0.036062
21900,20.9612,18.0,28.0,16.0,200.0,0.043463
21960,20.9652,18.0,28.0,16.0,200.0,0.039814
22020,20.9694,18.0,28.0,16.0,200.0,0.04628
22080,20.9735,18.0,28.0,16.0,200.0,0.049117
22140,20.9777,18.0,28.0,16.0,200.0,0.040097
22200,20.9819,18.0,28.0,16.0,200.0,0.033808
22260,20.9861,18.0,28.0,16.0,200.0,0.038474
22320,20.9904,18.0,28.0,16.0,200.0,0.039699
22380,20.9947,18.0,28.0,16.0,200.0,0.034046
22440,20.999,18.0,28.0,16.0,200.0,0.038998
22500,21.0034,18.0,28.0,16.0,200.0,0.041148
22560,21.0077,18.0,28.0,16.0,200.0,0.038162
22620,21.0121,18.0,28.0,16.0,200.0,0.036926
22680,21.0166,18.0,28.0,16.0,200.0,0.036965
22740,21.021,18.0,28.0,16.0,200.0,0.047147
22800,21.0255,18.0,28.0,16.0,200.0,0.039361
22860,21.03,18.0,28.0,16.0,200.0,0.03668
22920,21.0346,18.0,28.0,16.0,200.0,0.038508
22980,21.0392,18.0,28.0,16.0,200.0,0.043817
23040,21.0438,18.0,28.0,16.0,200.0,0.037261
23100,21.0484,18.0,28.0,16.0,200.0,0.041927
23160,21.0531,18.0,28.0,16.0,200.0,0.042912
23220,21.0577,18.0,28.0,16.0,200.0,0.042996
23280,21.0625,18.0,28.0,16.0,200.0,0.045599
23340,21.0672,18.0,28.0,16.0,200.0,0.037798
23400,21.072,18.0,28.0,16.0,200.0,0.044531
23460,21.0768,18.0,28.0,16.0,200.0,0.036829
23520,21.0816,18.0,28.0,16.0,200.0,0.038414
23580,21.0864,18.0,28.0,16.0,200.0,0.044784
23640,21.0913,18.0,28.0,16.0,200.0,0.04329
23700,21.0962,18.0,28.0,16.0,200.0,0.040008
23760,21.1011,18.0,28.0,16.0,200.0,0.035234
23820,21.1061,18.0,28.0,16.0,200.0,0.042247
23880,21.1111,18.0,28.0,16.0,200.0,0.037479
23940,21.1161,18.0,28.0,16.0,200.0,0.036304
24000,21.1211,18.0,28.0,16.0,200.0,0.037407
24060,21.1262,18.0,28.0,16.0,200.0,0.040986
24120,21.1313,18.0,28.0,16.0,200.0,0.031516
24180,21.1364,18.0,28.0,16.0,200.0,0.041443
24240,21.1415,18.0,28.0,16.0,200.0,0.040696
24300,21.1467,18.0,28.0,16.0,200.0,0.037662
24360,21.1519,18.0,28.0,16.0,200.0,0.044148
24420,21.1571,18.0,28.0,16.0,200.0,0.042446
24480,21.1623,18.0,28.0,16.0,200.0,0.037575
24540,21.1676,18.0,28.0,16.0,200.0,0.03732
24600,21.1729,18.0,28.0,16.0,200.0,0.042781
24660,21.1782,18.0,28.0,16.0,200.0,0.033936
24720,21.1836,18.0,28.0,16.0,200.0,0.03867
24780,21.1889,18.0,28.0,16.0,200.0,0.037476
24840,21.1943,18.0,28.0,16.0,200.0,0.04028
24900,21.1997,18.0,28.0,16.0,200.0,0.040845
24960,21.2052,18.0,28.0,16.0,200.0,0.040147
25020,21.2107,18.0,28.0,16.0,200.0,0.044539
25080,21.2161,18.0,28.0,16.0,200.0,0.040912
25140,21.2217,18.0,28.0,16.0,200.0,0.03874
25200,21.2272,21.0,24.0,13.0,200.0,0.095157
25260,21.2328,21.0,24.0,13.0,200.0,0.102887
25320,21.2384,21.0,24.0,13.0,200.0,0.102113
25380,21.244,21.0,24.0,13.0,200.0,0.105803
25440,21.2496,21.0,24.0,13.0,200.0,0.09701
25500,21.2553,21.0,24.0,13.0,200.0,0.100106
25560,21.261,21.0,24.0,13.0,200.0,0.099765
25620,21.2667,21.0,24.0,13.0,200.0,0.09965
25680,21.2724,21.0,24.0,13.0,200.0,0.100042
25740,21.2782,21.0,24.0,13.0,200.0,0.093142
25800,21.2839,21.0,24.0,13.0,200.0,0.1033
25860,21.2897,21.0,24.0,13.0,200.0,0.102613
25920,21.2956,21.0,24.0,13.0,200.0,0.104522
25980,21.3014,21.0,24.0,13.0,200.0,0.108998
26040,21.3073,21.0,24.0,13.0,200.0,0.098724
26100,21.3132,21.0,24.0,13.0,200.0,0.099855
26160,21.3191,21.0,24.0,13.0,200.0,0.100039
26220,21.325,21.0,24.0,13.0,200.0,0.107769
26280,21.331,21.0,24.0,13.0,200.0,0.093075
26340,21.337,21.0,24.0,13.0,200.0,0.101943
26400,21.343,21.0,24.0,13.0,200.0,0.094117
26460,21.349,21.0,24.0,13.0,200.0,0.089674
26520,21.3551,21.0,24.0,13.0,200.0,0.091917
26580,21.3611,21.0,24.0,13.0,200.0,0.094473
26640,21.3672,21.0,24.0,13.0,200.0,0.104276
26700,21.3733,21.0,24.0,13.0,200.0,0.096527
26760,21.3795,21.0,24.0,13.0,200.0,0.09909
26820,21.3856,21.0,24.0,13.0,200.0,0.095346
26880,21.3918,21.0,24.0,13.0,200.0,0.102444
26940,21.398,21.0,24.0,13.0,200.0,0.095592
27000,21.4042,21.0,24.0,13.0,200.0,0.105271
27060,21.4105,21.0,24.0,13.0,200.0,0.096028
27120,21.4167,21.0,24.0,13.0,200.0,0.096941
27180,21.423,21.0,24.0,13.0,200.0,0.100491
27240,21.4293,21.0,24.0,13.0,200.0,0.100099
27300,21.4356,21.0,24.0,13.0,200.0,0.105699
27360,21.442,21.0,24.0,13.0,200.0,0.100482
27420,21.4484,21.0,24.0,13.0,200.0,0.095169
27480,21.4547,21.0,24.0,13.0,200.0,0.097759
27540,21.4611,21.0,24.0,13.0,200.0,0.097709
27600,21.4676,21.0,24.0,13.0,200.0,0.1029
27660,21.474,21.0,24.0,13.0,200.0,0.101535
27720,21.4805,21.0,24.0,13.0,200.0,0.099522
27780,21.487,21.0,24.0,13.0,200.0,0.103478
27840,21.4935,21.0,24.0,13.0,200.0,0.097886
27900,21.5,21.0,24.0,13.0,200.0,0.099455
27960,21.5065,21.0,24.0,13.0,200.0,0.100723
28020,21.5131,21.0,24.0,13.0,200.0,0.106113
28080,21.5196,21.0,24.0,13.0,200.0,0.099606
28140,21.5262,21.0,24.0,13.0,200.0,0.098597
28200,21.5329,21.0,24.0,13.0,200.0,0.095817
28260,21.5395,21.0,24.0,13.0,200.0,0.102744
28320,21.5461,21.0,24.0,13.0,200.0,0.097649
28380,21.5528,21.0,24.0,13.0,200.0,0.101375
28440,21.5595,21.0,24.0,13.0,200.0,0.092394
28500,21.5662,21.0,24.0,13.0,200.0,0.104173
28560,21.5729,21.0,24.0,13.0,200.0,0.094672
28620,21.5797,21.0,24.0,13.0,200.0,0.096891
28680,21.5864,21.0,24.0,13.0,200.0,0.104234
28740,21.5932,21.0,24.0,13.0,200.0,0.094662
28800,21.6,21.0,24.0,13.0,200.0,0.099682
28860,21.6068,21.0,24.0,13.0,200.0,0.100297
28920,21.6136,21.0,24.0,13.0,200.0,0.096006
28980,21.6205,21.0,24.0,13.0,200.0,0.105372
29040,21.6273,21.0,24.0,13.0,200.0,0.105995
29100,21.6342,21.0,24.0,13.0,200.0,0.092114
29160,21.6411,21.0,24.0,13.0,200.0,0.094204
29220,21.648,21.0,24.0,13.0,200.0,0.103233
29280,21.655,21.0,24.0,13.0,200.0,0.094788
29340,21.6619,21.0,24.0,13.0,200.0,0.098445
29400,21.6689,21.0,24.0,13.0,200.0,0.100518
29460,21.6758,21.0,24.0,13.0,200.0,0.102767
29520,21.6828,21.0,24.0,13.0,200.0,0.099107
29580,21.6898,21.0,24.0,13.0,200.0,0.100381
29640,21.6968,21.0,24.0,13.0,200.0,0.096893
29700,21.7039,21.0,24.0,13.0,200.0,0.105169
29760,21.7109,21.0,24.0,13.0,200.0,0.098019
29820,21.718,21.0,24.0,13.0,200.0,0.101359
29880,21.7251,21.0,24.0,13.0,200.0,0.097953
29940,21.7322,21.0,24.0,13.0,200.0,0.100425
30000,21.7393,21.0,24.0,13.0,200.0,0.099327
30060,21.7464,21.0,24.0,13.0,200.0,0.09935
30120,21.7536,21.0,24.0,13.0,200.0,0.095945
30180,21.7607,21.0,24.0,13.0,200.0,0.103186
30240,21.7679,21.0,24.0,13.0,200.0,0.105656
30300,21.7751,21.0,24.0,13.0,200.0,0.100973
30360,21.7823,21.0,24.0,13.0,200.0,0.102929
30420,21.7895,21.0,24.0,13.0,200.0,0.103352
30480,21.7967,21.0,24.0,13.0,200.0,0.103712
30540,21.8039,21.0,24.0,13.0,200.0,0.101213
30600,21.8112,21.0,24.0,13.0,200.0,0.100849
30660,21.8184,21.0,24.0,13.0,200.0,0.103456
30720,21.8257,21.0,24.0,13.0,200.0,0.100275
30780,21.833,21.0,24.0,13.0,200.0,0.096104
30840,21.8403,21.0,24.0,13.0,200.0,0.100095
30900,21.8476,21.0,24.0,13.0,200.0,0.092446
30960,21.8549,21.0,24.0,13.0,200.0,0.099976
31020,21.8623,21.0,24.0,13.0,200.0,0.101653
31080,21.8696,21.0,24.0,13.0,200.0,0.104944
31140,21.877,21.0,24.0,13.0,200.0,0.100605
31200,21.8844,21.0,24.0,13.0,200.0,0.103713
31260,21.8917,21.0,24.0,13.0,200.0,0.099998
31320,21.8991,21.0,24.0,13.0,200.0,0.095906
31380,21.9066,21.0,24.0,13.0,200.0,0.094354
31440,21.914,21.0,24.0,13.0,200.0,0.096121
31500,21.9214,21.0,24.0,13.0,200.0,0.094535
31560,21.9289,21.0,24.0,13.0,200.0,0.102535
31620,21.9363,21.0,24.0,13.0,200.0,0.09917
31680,21.9438,21.0,24.0,13.0,200.0,0.102281
31740,21.9512,21.0,24.0,13.0,200.0,0.100294
31800,21.9587,21.0,24.0,13.0,200.0,0.104176
31860,21.9662,21.0,24.0,13.0,200.0,0.104241
31920,21.9737,21.0,24.0,13.0,200.0,0.097419
31980,21.9812,21.0,24.0,13.0,200.0,0.098903
32040,21.9888,21.0,24.0,13.0,200.0,0.097869
32100,21.9963,21.0,24.0,13.0,200.0,0.093515
32160,22.0039,21.0,24.0,13.0,200.0,0.102701
32220,22.0114,21.0,24.0,13.0,200.0,0.104755
32280,22.019,21.0,24.0,13.0,200.0,0.099974
32340,22.0265,21.0,24.0,13.0,200.0,0.098027
32400,22.0341,21.0,24.0,13.0,200.0,0.104364
32460,22.0417,21.0,24.0,13.0,200.0,0.09062
32520,22.0493,21.0,24.0,13.0,200.0,0.10071
32580,22.0569,21.0,24.0,13.0,200.0,0.100573
32640,22.0645,21.0,24.0,13.0,200.0,0.097717
32700,22.0722,21.0,24.0,13.0,200.0,0.105566
32760,22.0798,21.0,24.0,13.0,200.0,0.103883
32820,22.0874,21.0,24.0,13.0,200.0,0.098955
32880,22.0951,21.0,24.0,13.0,200.0,0.099653
32940,22.1027,21.0,24.0,13.0,200.0,0.098448
33000,22.1104,21.0,24.0,13.0,200.0,0.097952
33060,22.1181,21.0,24.0,13.0,200.0,0.094767
33120,22.1258,21.0,24.0,13.0,200.0,0.10552
33180,22.1334,21.0,24.0,13.0,200.0,0.104112
33240,22.1411,21.0,24.0,13.0,200.0,0.103193
33300,22.1488,21.0,24.0,13.0,200.0,0.095623
33360,22.1565,21.0,24.0,13.0,200.0,0.108323
33420,22.1643,21.0,24.0,13.0,200.0,0.107921
33480,22.172,21.0,24.0,13.0,200.0,0.100752
33540,22.1797,21.0,24.0,13.0,200.0,0.096383
33600,22.1874,21.0,24.0,13.0,200.0,0.096534
33660,22.1952,21.0,24.0,13.0,200.0,0.101674
33720,22.2029,21.0,24.0,13.0,200.0,0.096348
33780,22.2107,21.0,24.0,13.0,200.0,0.099863
33840,22.2184,21.0,24.0,13.0,200.0,0.104355
33900,22.2262,21.0,24.0,13.0,200.0,0.093973
33960,22.2339,21.0,24.0,13.0,200.0,0.108023
34020,22.2417,21.0,24.0,13.0,200.0,0.106267
34080,22.2495,21.0,24.0,13.0,200.0,0.095052
34140,22.2573,21.0,24.0,13.0,200.0,0.094345
34200,22.2651,21.0,24.0,13.0,200.0,0.098866
34260,22.2728,21.0,24.0,13.0,200.0,0.095875
34320,22.2806,21.0,24.0,13.0,200.0,0.098945
34380,22.2884,21.0,24.0,13.0,200.0,0.089675
34440,22.2962,21.0,24.0,13.0,200.0,0.099085
34500,22.304,21.0,24.0,13.0,200.0,0.107211
34560,22.3118,21.0,24.0,13.0,200.0,0.095534
34620,22.3197,21.0,24.0,13.0,200.0,0.098908
34680,22.3275,21.0,24.0,13.0,200.0,0.094042
34740,22.3353,21.0,24.0,13.0,200.0,0.102553
34800,22.3431,21.0,24.0,13.0,200.0,0.099099
34860,22.3509,21.0,24.0,13.0,200.0,0.107763
34920,22.3588,21.0,24.0,13.0,200.0,0.100827
34980,22.3666,21.0,24.0,13.0,200.0,0.098511
35040,22.3744,21.0,24.0,13.0,200.0,0.102201
35100,22.3823,21.0,24.0,13.0,200.0,0.097975
35160,22.3901,21.0,24.0,13.0,200.0,0.094643
35220,22.398,21.0,24.0,13.0,200.0,0.101208
35280,22.4058,21.0,24.0,13.0,200.0,0.099301
35340,22.4136,21.0,24.0,13.0,200.0,0.100665
35400,22.4215,21.0,24.0,13.0,200.0,0.101502
35460,22.4293,21.0,24.0,13.0,200.0,0.097959
35520,22.4372,21.0,24.0,13.0,200.0,0.101686
35580,22.445,21.0,24.0,13.0,200.0,0.106951
35640,22.4529,21.0,24.0,13.0,200.0,0.095569
35700,22.4607,21.0,24.0,13.0,200.0,0.10695
35760,22.4686,21.0,24.0,13.0,200.0,0.099029
35820,22.4764,21.0,24.0,13.0,200.0,0.096933
35880,22.4843,21.0,24.0,13.0,200.0,0.109709
35940,22.4921,21.0,24.0,13.0,200.0,0.10062
36000,22.5,21.0,24.0,13.0,200.0,0.105482
36060,22.5079,21.0,24.0,13.0,200.0,0.10327
36120,22.5157,21.0,24.0,13.0,200.0,0.093278
36180,22.5236,21.0,24.0,13.0,200.0,0.100483
36240,22.5314,21.0,24.0,13.0,200.0,0.097899
36300,22.5393,21.0,24.0,13.0,200.0,0.094633
36360,22.5471,21.0,24.0,13.0,200.0,0.092913
36420,22.555,21.0,24.0,13.0,200.0,0.100409
36480,22.5628,21.0,24.0,13.0,200.0,0.102361
36540,22.5707,21.0,24.0,13.0,200.0,0.101563
36600,22.5785,21.0,24.0,13.0,200.0,0.098777
36660,22.5864,21.0,24.0,13.0,200.0,0.096806
36720,22.5942,21.0,24.0,13.0,200.0,0.096053
36780,22.602,21.0,24.0,13.0,200.0,0.097779
36840,22.6099,21.0,24.0,13.0,200.0,0.095868
36900,22.6177,21.0,24.0,13.0,200.0,0.099187
36960,22.6256,21.0,24.0,13.0,200.0,0.099908
37020,22.6334,21.0,24.0,13.0,200.0,0.096416
37080,22.6412,21.0,24.0,13.0,200.0,0.099072
37140,22.6491,21.0,24.0,13.0,200.0,0.096959
37200,22.6569,21.0,24.0,13.0,200.0,0.099982
37260,22.6647,21.0,24.0,13.0,200.0,0.102028
37320,22.6725,21.0,24.0,13.0,200.0,0.100713
37380,22.6803,21.0,24.0,13.0,200.0,0.101889
37440,22.6882,21.0,24.0,13.0,200.0,0.093392
37500,22.696,21.0,24.0,13.0,200.0,0.098485
37560,22.7038,21.0,24.0,13.0,200.0,0.101107
37620,22.7116,21.0,24.0,13.0,200.0,0.102565
37680,22.7194,21.0,24.0,13.0,200.0,0.093608
37740,22.7272,21.0,24.0,13.0,200.0,0.100637
37800,22.7349,21.0,24.0,13.0,200.0,0.104826
37860,22.7427,21.0,24.0,13.0,200.0,0.099286
37920,22.7505,21.0,24.0,13.0,200.0,0.099621
37980,22.7583,21.0,24.0,13.0,200.0,0.101802
38040,22.7661,21.0,24.0,13.0,200.0,0.100988
38100,22.7738,21.0,24.0,13.0,200.0,0.102699
38160,22.7816,21.0,24.0,13.0,200.0,0.10029
38220,22.7893,21.0,24.0,13.0,200.0,0.10061
38280,22.7971,21.0,24.0,13.0,200.0,0.09687
38340,22.8048,21.0,24.0,13.0,200.0,0.099318
38400,22.8126,21.0,24.0,13.0,200.0,0.105012
38460,22.8203,21.0,24.0,13.0,200.0,0.099183
38520,22.828,21.0,24.0,13.0,200.0,0.099326
38580,22.8357,21.0,24.0,13.0,200.0,0.098034
38640,22.8435,21.0,24.0,13.0,200.0,0.103149
38700,22.8512,21.0,24.0,13.0,200.0,0.096581
38760,22.8589,21.0,24.0,13.0,200.0,0.103642
38820,22.8666,21.0,24.0,13.0,200.0,0.096252
38880,22.8742,21.0,24.0,13.0,200.0,0.095769
38940,22.8819,21.0,24.0,13.0,200.0,0.100824
39000,22.8896,21.0,24.0,13.0,200.0,0.100521
39060,22.8973,21.0,24.0,13.0,200.0,0.10119
39120,22.9049,21.0,24.0,13.0,200.0,0.10425
39180,22.9126,21.0,24.0,13.0,200.0,0.09835
39240,22.9202,21.0,24.0,13.0,200.0,0.101772
39300,22.9278,21.0,24.0,13.0,200.0,0.096361
39360,22.9355,21.0,24.0,13.0,200.0,0.105037
39420,22.9431,21.0,24.0,13.0,200.0,0.10253
39480,22.9507,21.0,24.0,13.0,200.0,0.102146
39540,22.9583,21.0,24.0,13.0,200.0,0.100752
39600,22.9659,21.0,24.0,13.0,200.0,0.096858
39660,22.9735,21.0,24.0,13.0,200.0,0.098691
39720,22.981,21.0,24.0,13.0,200.0,0.102007
39780,22.9886,21.0,24.0,13.0,200.0,0.099923
39840,22.9961,21.0,24.0,13.0,200.0,0.100495
39900,23.0037,21.0,24.0,13.0,200.0,0.094561
39960,23.0112,21.0,24.0,13.0,200.0,0.100724
40020,23.0188,21.0,24.0,13.0,200.0,0.097232
40080,23.0263,21.0,24.0,13.0,200.0,0.095667
40140,23.0338,21.0,24.0,13.0,200.0,0.099381
40200,23.0413,21.0,24.0,13.0,200.0,0.092574
40260,23.0488,21.0,24.0,13.0,200.0,0.102794
40320,23.0562,21.0,24.0,13.0,200.0,0.103408
40380,23.0637,21.0,24.0,13.0,200.0,0.099786
40440,23.0711,21.0,24.0,13.0,200.0,0.096025
40500,23.0786,21.0,24.0,13.0,200.0,0.096219
40560,23.086,21.0,24.0,13.0,200.0,0.099396
40620,23.0934,21.0,24.0,13.0,200.0,0.090305
40680,23.1009,21.0,24.0,13.0,200.0,0.100722
40740,23.1083,21.0,24.0,13.0,200.0,0.102658
40800,23.1156,21.0,24.0,13.0,200.0,0.098752
40860,23.123,21.0,24.0,13.0,200.0,0.098022
40920,23.1304,21.0,24.0,13.0,200.0,0.100728
40980,23.1377,21.0,24.0,13.0,200.0,0.101403
41040,23.1451,21.0,24.0,13.0,200.0,0.104377
41100,23.1524,21.0,24.0,13.0,200.0,0.100074
41160,23.1597,21.0,24.0,13.0,200.0,0.097241
41220,23.167,21.0,24.0,13.0,200.0,0.098155
41280,23.1743,21.0,24.0,13.0,200.0,0.100728
41340,23.1816,21.0,24.0,13.0,200.0,0.106225
41400,23.1888,21.0,24.0,13.0,200.0,0.098719
41460,23.1961,21.0,24.0,13.0,200.0,0.09579
41520,23.2033,21.0,24.0,13.0,200.0,0.09652
41580,23.2105,21.0,24.0,13.0,200.0,0.091615
41640,23.2177,21.0,24.0,13.0,200.0,0.101319
41700,23.2249,21.0,24.0,13.0,200.0,0.094555
41760,23.2321,21.0,24.0,13.0,200.0,0.095066
41820,23.2393,21.0,24.0,13.0,200.0,0.092096
41880,23.2464,21.0,24.0,13.0,200.0,0.095528
41940,23.2536,21.0,24.0,13.0,200.0,0.102274
42000,23.2607,21.0,24.0,13.0,200.0,0.094755
42060,23.2678,21.0,24.0,13.0,200.0,0.093001
42120,23.2749,21.0,24.0,13.0,200.0,0.100713
42180,23.282,21.0,24.0,13.0,200.0,0.098635
42240,23.2891,21.0,24.0,13.0,200.0,0.101729
42300,23.2961,21.0,24.0,13.0,200.0,0.102962
42360,23.3032,21.0,24.0,13.0,200.0,0.099966
42420,23.3102,21.0,24.0,13.0,200.0,0.094809
42480,23.3172,21.0,24.0,13.0,200.0,0.099505
42540,23.3242,21.0,24.0,13.0,200.0,0.102001
42600,23.3311,21.0,24.0,13.0,200.0,0.097668
42660,23.3381,21.0,24.0,13.0,200.0,0.09425
42720,23.345,21.0,24.0,13.0,200.0,0.10441
42780,23.352,21.0,24.0,13.0,200.0,0.098339
42840,23.3589,21.0,24.0,13.0,200.0,0.098363
42900,23.3658,21.0,24.0,13.0,200.0,0.100064
42960,23.3727,21.0,24.0,13.0,200.0,0.104122
43020,23.3795,21.0,24.0,13.0,200.0,0.101054
43080,23.3864,21.0,24.0,13.0,200.0,0.098667
43140,23.3932,21.0,24.0,13.0,200.0,0.102729
43200,24.1,21.0,24.0,13.0,200.0,0.124588
43260,24.1068,21.0,24.0,13.0,200.0,0.122638
43320,24.1136,21.0,24.0,13.0,200.0,0.120863
43380,24.1203,21.0,24.0,13.0,200.0,0.114763
43440,24.1271,21.0,24.0,13.0,200.0,0.135339
43500,24.1338,21.0,24.0,13.0,200.0,0.116612
43560,24.1405,21.0,24.0,13.0,200.0,0.120992
43620,24.1472,21.0,24.0,13.0,200.0,0.12075
43680,24.1539,21.0,24.0,13.0,200.0,0.131124
43740,24.1605,21.0,24.0,13.0,200.0,0.127362
43800,24.1671,21.0,24.0,13.0,200.0,0.121034
43860,24.1738,21.0,24.0,13.0,200.0,0.128871
43920,24.1804,21.0,24.0,13.0,200.0,0.131044
43980,24.1869,21.0,24.0,13.0,200.0,0.128635
44040,24.1935,21.0,24.0,13.0,200.0,0.126077
44100,24.2,21.0,24.0,13.0,200.0,0.129104
44160,24.2065,21.0,24.0,13.0,200.0,0.1313
44220,24.213,21.0,24.0,13.0,200.0,0.134179
44280,24.2195,21.0,24.0,13.0,200.0,0.133045
44340,24.226,21.0,24.0,13.0,200.0,0.1391
44400,24.2324,21.0,24.0,13.0,200.0,0.13339
44460,24.2389,21.0,24.0,13.0,200.0,0.131292
44520,24.2453,21.0,24.0,13.0,200.0,0.136285
44580,24.2516,21.0,24.0,13.0,200.0,0.145659
44640,24.258,21.0,24.0,13.0,200.0,0.13899
44700,24.2644,21.0,24.0,13.0,200.0,0.15166
44760,24.2707,21.0,24.0,13.0,200.0,0.145275
44820,24.277,21.0,24.0,13.0,200.0,0.13966
44880,24.2833,21.0,24.0,13.0,200.0,0.141986
44940,24.2895,21.0,24.0,13.0,200.0,0.147298
45000,24.2958,21.0,24.0,13.0,200.0,0.142613
45060,24.302,21.0,24.0,13.0,200.0,0.157817
45120,24.3082,21.0,24.0,13.0,200.0,0.145347
45180,24.3144,21.0,24.0,13.0,200.0,0.153023
45240,24.3205,21.0,24.0,13.0,200.0,0.157125
45300,24.3267,21.0,24.0,13.0,200.0,0.151829
45360,24.3328,21.0,24.0,13.0,200.0,0.149261
45420,24.3389,21.0,24.0,13.0,200.0,0.153127
45480,24.3449,21.0,24.0,13.0,200.0,0.156639
45540,24.351,21.0,24.0,13.0,200.0,0.159661
45600,24.357,21.0,24.0,13.0,200.0,0.15735
45660,24.363,21.0,24.0,13.0,200.0,0.152483
45720,24.369,21.0,24.0,13.0,200.0,0.15921
45780,24.375,21.0,24.0,13.0,200.0,0.157301
45840,24.3809,21.0,24.0,13.0,200.0,0.152212
45900,24.3868,21.0,24.0,13.0,200.0,0.159101
45960,24.3927,21.0,24.0,13.0,200.0,0.157105
46020,24.3986,21.0,24.0,13.0,200.0,0.166121
46080,24.4044,21.0,24.0,13.0,200.0,0.172486
46140,24.4103,21.0,24.0,13.0,200.0,0.173077
46200,24.4161,21.0,24.0,13.0,200.0,0.164277
46260,24.4218,21.0,24.0,13.0,200.0,0.165625
46320,24.4276,21.0,24.0,13.0,200.0,0.171171
46380,24.4333,21.0,24.0,13.0,200.0,0.173578
46440,24.439,21.0,24.0,13.0,200.0,0.168571
46500,24.4447,21.0,24.0,13.0,200.0,0.170585
46560,24.4504,21.0,24.0,13.0,200.0,0.180889
46620,24.456,21.0,24.0,13.0,200.0,0.172534
46680,24.4616,21.0,24.0,13.0,200.0,0.171921
46740,24.4672,21.0,24.0,13.0,200.0,0.175236
46800,24.4728,21.0,24.0,13.0,200.0,0.177966
46860,24.4783,21.0,24.0,13.0,200.0,0.172447
46920,24.4839,21.0,24.0,13.0,200.0,0.176423
46980,24.4893,21.0,24.0,13.0,200.0,0.17363
47040,24.4948,21.0,24.0,13.0,200.0,0.178057
47100,24.5003,21.0,24.0,13.0,200.0,0.187549
47160,24.5057,21.0,24.0,13.0,200.0,0.183875
47220,24.5111,21.0,24.0,13.0,200.0,0.181401
47280,24.5164,21.0,24.0,13.0,200.0,0.178897
47340,24.5218,21.0,24.0,13.0,200.0,0.182239
47400,24.5271,21.0,24.0,13.0,200.0,0.188539
47460,24.5324,21.0,24.0,13.0,200.0,0.182936
47520,24.5377,21.0,24.0,13.0,200.0,0.191827
47580,24.5429,21.0,24.0,13.0,200.0,0.18137
47640,24.5481,21.0,24.0,13.0,200.0,0.186539
47700,24.5533,21.0,24.0,13.0,200.0,0.195501
47760,24.5585,21.0,24.0,13.0,200.0,0.181325
47820,24.5636,21.0,24.0,13.0,200.0,0.194932
47880,24.5687,21.0,24.0,13.0,200.0,0.183591
47940,24.5738,21.0,24.0,13.0,200.0,0.191451
48000,24.5789,21.0,24.0,13.0,200.0,0.191931
48060,24.5839,21.0,24.0,13.0,200.0,0.196724
48120,24.5889,21.0,24.0,13.0,200.0,0.18161
48180,24.5939,21.0,24.0,13.0,200.0,0.187354
48240,24.5989,21.0,24.0,13.0,200.0,0.193554
48300,24.6038,21.0,24.0,13.0,200.0,0.196754
48360,24.6087,21.0,24.0,13.0,200.0,0.193818
48420,24.6136,21.0,24.0,13.0,200.0,0.197288
48480,24.6184,21.0,24.0,13.0,200.0,0.194202
48540,24.6232,21.0,24.0,13.0,200.0,0.198114
48600,24.628,21.0,24.0,13.0,200.0,0.197099
48660,24.6328,21.0,24.0,13.0,200.0,0.202225
48720,24.6375,21.0,24.0,13.0,200.0,0.204333
48780,24.6423,21.0,24.0,13.0,200.0,0.208493
48840,24.6469,21.0,24.0,13.0,200.0,0.200885
48900,24.6516,21.0,24.0,13.0,200.0,0.202984
48960,24.6562,21.0,24.0,13.0,200.0,0.205188
49020,24.6608,21.0,24.0,13.0,200.0,0.204554
49080,24.6654,21.0,24.0,13.0,200.0,0.206257
49140,24.67,21.0,24.0,13.0,200.0,0.200944
49200,24.6745,21.0,24.0,13.0,200.0,0.209403
49260,24.679,21.0,24.0,13.0,200.0,0.204974
49320,24.6834,21.0,24.0,13.0,200.0,0.20552
49380,24.6879,21.0,24.0,13.0,200.0,0.203705
49440,24.6923,21.0,24.0,13.0,200.0,0.215407
49500,24.6966,21.0,24.0,13.0,200.0,0.210901
49560,24.701,21.0,24.0,13.0,200.0,0.216757
49620,24.7053,21.0,24.0,13.0,200.0,0.21394
49680,24.7096,21.0,24.0,13.0,200.0,0.206724
49740,24.7139,21.0,24.0,13.0,200.0,0.209884
49800,24.7181,21.0,24.0,13.0,200.0,0.217928
49860,24.7223,21.0,24.0,13.0,200.0,0.212507
49920,24.7265,21.0,24.0,13.0,200.0,0.211876
49980,24.7306,21.0,24.0,13.0,200.0,0.216184
50040,24.7348,21.0,24.0,13.0,200.0,0.216852
50100,24.7388,21.0,24.0,13.0,200.0,0.214167
50160,24.7429,21.0,24.0,13.0,200.0,0.21756
50220,24.7469,21.0,24.0,13.0,200.0,0.217595
50280,24.7509,21.0,24.0,13.0,200.0,0.209789
50340,24.7549,21.0,24.0,13.0,200.0,0.222795
50400,24.7588,21.0,24.0,13.0,200.0,0.21817
50460,24.7628,21.0,24.0,13.0,200.0,0.227259
50520,24.7666,21.0,24.0,13.0,200.0,0.218062
50580,24.7705,21.0,24.0,13.0,200.0,0.21696
50640,24.7743,21.0,24.0,13.0,200.0,0.228641
50700,24.7781,21.0,24.0,13.0,200.0,0.218157
50760,24.7819,21.0,24.0,13.0,200.0,0.222555
50820,24.7856,21.0,24.0,13.0,200.0,0.228086
50880,24.7893,21.0,24.0,13.0,200.0,0.22497
50940,24.793,21.0,24.0,13.0,200.0,0.220255
51000,24.7966,21.0,24.0,13.0,200.0,0.228211
51060,24.8002,21.0,24.0,13.0,200.0,0.22726
51120,24.8038,21.0,24.0,13.0,200.0,0.233745
51180,24.8074,21.0,24.0,13.0,200.0,0.231533
51240,24.8109,21.0,24.0,13.0,200.0,0.241884
51300,24.8144,21.0,24.0,13.0,200.0,0.223716
51360,24.8178,21.0,24.0,13.0,200.0,0.230766
51420,24.8213,21.0,24.0,13.0,200.0,0.227134
51480,24.8247,21.0,24.0,13.0,200.0,0.236564
51540,24.828,21.0,24.0,13.0,200.0,0.23577
51600,24.8314,21.0,24.0,13.0,200.0,0.236033
51660,24.8347,21.0,24.0,13.0,200.0,0.230436
51720,24.8379,21.0,24.0,13.0,200.0,0.231088
51780,24.8412,21.0,24.0,13.0,200.0,0.226469
51840,24.8444,21.0,24.0,13.0,200.0,0.241939
51900,24.8476,21.0,24.0,13.0,200.0,0.237643
51960,24.8507,21.0,24.0,13.0,200.0,0.23507
52020,24.8538,21.0,24.0,13.0,200.0,0.240346
52080,24.8569,21.0,24.0,13.0,200.0,0.240109
52140,24.86,21.0,24.0,13.0,200.0,0.241495
52200,24.863,21.0,24.0,13.0,200.0,0.231583
52260,24.866,21.0,24.0,13.0,200.0,0.2357
52320,24.8689,21.0,24.0,13.0,200.0,0.239811
52380,24.8719,21.0,24.0,13.0,200.0,0.240919
52440,24.8748,21.0,24.0,13.0,200.0,0.243789
52500,24.8776,21.0,24.0,13.0,200.0,0.236384
52560,24.8804,21.0,24.0,13.0,200.0,0.24138
52620,24.8832,21.0,24.0,13.0,200.0,0.25014
52680,24.886,21.0,24.0,13.0,200.0,0.244529
52740,24.8887,21.0,24.0,13.0,200.0,0.245681
52800,24.8914,21.0,24.0,13.0,200.0,0.242555
52860,24.8941,21.0,24.0,13.0,200.0,0.246129
52920,24.8968,21.0,24.0,13.0,200.0,0.250697
52980,24.8994,21.0,24.0,13.0,200.0,0.244324
53040,24.9019,21.0,24.0,13.0,200.0,0.249205
53100,24.9045,21.0,24.0,13.0,200.0,0.241215
53160,24.907,21.0,24.0,13.0,200.0,0.247478
53220,24.9095,21.0,24.0,13.0,200.0,0.24913
53280,24.9119,21.0,24.0,13.0,200.0,0.242896
53340,24.9143,21.0,24.0,13.0,200.0,0.250682
53400,24.9167,21.0,24.0,13.0,200.0,0.243969
53460,24.919,21.0,24.0,13.0,200.0,0.243825
53520,24.9213,21.0,24.0,13.0,200.0,0.247411
53580,24.9236,21.0,24.0,13.0,200.0,0.255509
53640,24.9259,21.0,24.0,13.0,200.0,0.249377
53700,24.9281,21.0,24.0,13.0,200.0,0.252237
53760,24.9303,21.0,24.0,13.0,200.0,0.245916
53820,24.9324,21.0,24.0,13.0,200.0,0.249497
53880,24.9345,21.0,24.0,13.0,200.0,0.244819
53940,24.9366,21.0,24.0,13.0,200.0,0.247574
54000,24.9387,21.0,24.0,13.0,200.0,0.253529
54060,24.9407,21.0,24.0,13.0,200.0,0.250356
54120,24.9427,21.0,24.0,13.0,200.0,0.256632
54180,24.9446,21.0,24.0,13.0,200.0,0.250329
54240,24.9465,21.0,24.0,13.0,200.0,0.250653
54300,24.9484,21.0,24.0,13.0,200.0,0.256853
54360,24.9503,21.0,24.0,13.0,200.0,0.249448
54420,24.9521,21.0,24.0,13.0,200.0,0.246254
54480,24.9539,21.0,24.0,13.0,200.0,0.257824
54540,24.9556,21.0,24.0,13.0,200.0,0.254555
54600,24.9573,21.0,24.0,13.0,200.0,0.244512
54660,24.959,21.0,24.0,13.0,200.0,0.253621
54720,24.9607,21.0,24.0,13.0,200.0,0.252091
54780,24.9623,21.0,24.0,13.0,200.0,0.260944
54840,24.9639,21.0,24.0,13.0,200.0,0.251302
54900,24.9654,21.0,24.0,13.0,200.0,0.252143
54960,24.9669,21.0,24.0,13.0,200.0,0.251067
55020,24.9684,21.0,24.0,13.0,200.0,0.250729
55080,24.9699,21.0,24.0,13.0,200.0,0.252375
55140,24.9713,21.0,24.0,13.0,200.0,0.24966
55200,24.9727,21.0,24.0,13.0,200.0,0.2515
55260,24.974,21.0,24.0,13.0,200.0,0.249414
55320,24.9753,21.0,24.0,13.0,200.0,0.250061
55380,24.9766,21.0,24.0,13.0,200.0,0.250016
55440,24.9778,21.0,24.0,13.0,200.0,0.25437
55500,24.9791,21.0,24.0,13.0,200.0,0.253913
55560,24.9802,21.0,24.0,13.0,200.0,0.251931
55620,24.9814,21.0,24.0,13.0,200.0,0.258933
55680,24.9825,21.0,24.0,13.0,200.0,0.257005
55740,24.9836,21.0,24.0,13.0,200.0,0.255641
55800,24.9846,21.0,24.0,13.0,200.0,0.25568
55860,24.9856,21.0,24.0,13.0,200.0,0.264069
55920,24.9866,21.0,24.0,13.0,200.0,0.258813
55980,24.9875,21.0,24.0,13.0,200.0,0.259905
56040,24.9884,21.0,24.0,13.0,200.0,0.247805
56100,24.9893,21.0,24.0,13.0,200.0,0.255673
56160,24.9901,21.0,24.0,13.0,200.0,0.249738
56220,24.9909,21.0,24.0,13.0,200.0,0.256846
56280,24.9917,21.0,24.0,13.0,200.0,0.260167
56340,24.9924,21.0,24.0,13.0,200.0,0.256095
56400,24.9932,21.0,24.0,13.0,200.0,0.260979
56460,24.9938,21.0,24.0,13.0,200.0,0.25492
56520,24.9945,21.0,24.0,13.0,200.0,0.261415
56580,24.9951,21.0,24.0,13.0,200.0,0.252994
56640,24.9956,21.0,24.0,13.0,200.0,0.258252
56700,24.9961,21.0,24.0,13.0,200.0,0.261063
56760,24.9966,21.0,24.0,13.0,200.0,0.261607
56820,24.9971,21.0,24.0,13.0,200.0,0.259028
56880,24.9975,21.0,24.0,13.0,200.0,0.267364
56940,24.9979,21.0,24.0,13.0,200.0,0.258011
57000,24.9983,21.0,24.0,13.0,200.0,0.257922
57060,24.9986,21.0,24.0,13.0,200.0,0.24874
57120,24.9989,21.0,24.0,13.0,200.0,0.2669
57180,24.9992,21.0,24.0,13.0,200.0,0.25839
57240,24.9994,21.0,24.0,13.0,200.0,0.255197
57300,24.9996,21.0,24.0,13.0,200.0,0.265215
57360,24.9997,21.0,24.0,13.0,200.0,0.264898
57420,24.9998,21.0,24.0,13.0,200.0,0.260409
57480,24.9999,21.0,24.0,13.0,200.0,0.254249
57540,25.0,21.0,24.0,13.0,200.0,0.261673
57600,25.0,21.0,24.0,13.0,200.0,0.257514
57660,25.0,21.0,24.0,13.0,200.0,0.255314
57720,24.9999,21.0,24.0,13.0,200.0,0.264163
57780,24.9998,21.0,24.0,13.0,200.0,0.251445
57840,24.9997,21.0,24.0,13.0,200.0,0.262225
57900,24.9996,21.0,24.0,13.0,200.0,0.261769
57960,24.9994,21.0,24.0,13.0,200.0,0.268105
58020,24.9992,21.0,24.0,13.0,200.0,0.261166
58080,24.9989,21.0,24.0,13.0,200.0,0.251591
58140,24.9986,21.0,24.0,13.0,200.0,0.256433
58200,24.9983,21.0,24.0,13.0,200.0,0.259985
58260,24.9979,21.0,24.0,13.0,200.0,0.261091
58320,24.9975,21.0,24.0,13.0,200.0,0.263529
58380,24.9971,21.0,24.0,13.0,200.0,0.251698
58440,24.9966,21.0,24.0,13.0,200.0,0.258143
58500,24.9961,21.0,24.0,13.0,200.0,0.263263
58560,24.9956,21.0,24.0,13.0,200.0,0.265474
58620,24.9951,21.0,24.0,13.0,200.0,0.266652
58680,24.9945,21.0,24.0,13.0,200.0,0.257551
58740,24.9938,21.0,24.0,13.0,200.0,0.263401
58800,24.9932,21.0,24.0,13.0,200.0,0.265751
58860,24.9924,21.0,24.0,13.0,200.0,0.263584
58920,24.9917,21.0,24.0,13.0,200.0,0.261569
58980,24.9909,21.0,24.0,13.0,200.0,0.261862
59040,24.9901,21.0,24.0,13.0,200.0,0.255263
59100,24.9893,21.0,24.0,13.0,200.0,0.252499
59160,24.9884,21.0,24.0,13.0,200.0,0.26208
59220,24.9875,21.0,24.0,13.0,200.0,0.256615
59280,24.9866,21.0,24.0,13.0,200.0,0.257741
59340,24.9856,21.0,24.0,13.0,200.0,0.255383
59400,24.9846,21.0,24.0,13.0,200.0,0.255964
59460,24.9836,21.0,24.0,13.0,200.0,0.2583
59520,24.9825,21.0,24.0,13.0,200.0,0.25311
59580,24.9814,21.0,24.0,13.0,200.0,0.257294
59640,24.9802,21.0,24.0,13.0,200.0,0.257821
59700,24.9791,21.0,24.0,13.0,200.0,0.256339
59760,24.9778,21.0,24.0,13.0,200.0,0.25348
59820,24.9766,21.0,24.0,13.0,200.0,0.259401
59880,24.9753,21.0,24.0,13.0,200.0,0.263541
59940,24.974,21.0,24.0,13.0,200.0,0.253435
60000,24.9727,21.0,24.0,13.0,200.0,0.260562
60060,24.9713,21.0,24.0,13.0,200.0,0.258961
60120,24.9699,21.0,24.0,13.0,200.0,0.244564
60180,24.9684,21.0,24.0,13.0,200.0,0.251901
60240,24.9669,21.0,24.0,13.0,200.0,0.252165
60300,24.9654,21.0,24.0,13.0,200.0,0.257593
60360,24.9639,21.0,24.0,13.0,200.0,0.254972
60420,24.9623,21.0,24.0,13.0,200.0,0.255863
60480,24.9607,21.0,24.0,13.0,200.0,0.256252
60540,24.959,21.0,24.0,13.0,200.0,0.249847
60600,24.9573,21.0,24.0,13.0,200.0,0.250187
60660,24.9556,21.0,24.0,13.0,200.0,0.248007
60720,24.9539,21.0,24.0,13.0,200.0,0.251937
60780,24.9521,21.0,24.0,13.0,200.0,0.251857
60840,24.9503,21.0,24.0,13.0,200.0,0.252727
60900,24.9484,21.0,24.0,13.0,200.0,0.248837
60960,24.9465,21.0,24.0,13.0,200.0,0.255071
61020,24.9446,21.0,24.0,13.0,200.0,0.254807
61080,24.9427,21.0,24.0,13.0,200.0,0.257013
61140,24.9407,21.0,24.0,13.0,200.0,0.253354
61200,24.2387,21.0,24.0,13.0,200.0,0.138929
61260,24.2366,21.0,24.0,13.0,200.0,0.140548
61320,24.2345,21.0,24.0,13.0,200.0,0.139965
61380,24.2324,21.0,24.0,13.0,200.0,0.13458
61440,24.2303,21.0,24.0,13.0,200.0,0.142001
61500,24.2281,21.0,24.0,13.0,200.0,0.143368
61560,24.2259,21.0,24.0,13.0,200.0,0.144048
61620,24.2236,21.0,24.0,13.0,200.0,0.135921
61680,24.2213,21.0,24.0,13.0,200.0,0.136713
61740,24.219,21.0,24.0,13.0,200.0,0.136711
61800,24.2167,21.0,24.0,13.0,200.0,0.13466
61860,24.2143,21.0,24.0,13.0,200.0,0.136767
61920,24.2119,21.0,24.0,13.0,200.0,0.13342
61980,24.2095,21.0,24.0,13.0,200.0,0.132738
62040,24.207,21.0,24.0,13.0,200.0,0.140153
62100,24.2045,21.0,24.0,13.0,200.0,0.133375
62160,24.2019,21.0,24.0,13.0,200.0,0.132577
62220,24.1994,21.0,24.0,13.0,200.0,0.135426
62280,24.1968,21.0,24.0,13.0,200.0,0.132082
62340,24.1941,21.0,24.0,13.0,200.0,0.132225
62400,24.1914,21.0,24.0,13.0,200.0,0.130377
62460,24.1887,21.0,24.0,13.0,200.0,0.125317
62520,24.186,21.0,24.0,13.0,200.0,0.129638
62580,24.1832,21.0,24.0,13.0,200.0,0.124771
62640,24.1804,21.0,24.0,13.0,200.0,0.129712
62700,24.1776,21.0,24.0,13.0,200.0,0.123693
62760,24.1748,21.0,24.0,13.0,200.0,0.131627
62820,24.1719,21.0,24.0,13.0,200.0,0.130494
62880,24.1689,21.0,24.0,13.0,200.0,0.128151
62940,24.166,21.0,24.0,13.0,200.0,0.126155
63000,24.163,21.0,24.0,13.0,200.0,0.127743
63060,24.16,21.0,24.0,13.0,200.0,0.117734
63120,24.1569,21.0,24.0,13.0,200.0,0.120718
63180,24.1538,21.0,24.0,13.0,200.0,0.124017
63240,24.1507,21.0,24.0,13.0,200.0,0.125494
63300,24.1476,21.0,24.0,13.0,200.0,0.123292
63360,24.1444,21.0,24.0,13.0,200.0,0.119083
63420,24.1412,21.0,24.0,13.0,200.0,0.123121
63480,24.1379,21.0,24.0,13.0,200.0,0.120254
63540,24.1347,21.0,24.0,13.0,200.0,0.117271
63600,24.1314,21.0,24.0,13.0,200.0,0.122335
63660,24.128,21.0,24.0,13.0,200.0,0.119643
63720,24.1247,21.0,24.0,13.0,200.0,0.12473
63780,24.1213,21.0,24.0,13.0,200.0,0.122063
63840,24.1178,21.0,24.0,13.0,200.0,0.121791
63900,24.1144,21.0,24.0,13.0,200.0,0.119586
63960,24.1109,21.0,24.0,13.0,200.0,0.11436
64020,24.1074,21.0,24.0,13.0,200.0,0.113435
64080,24.1038,21.0,24.0,13.0,200.0,0.110725
64140,24.1002,21.0,24.0,13.0,200.0,0.127553
64200,24.0966,21.0,24.0,13.0,200.0,0.111141
64260,24.093,21.0,24.0,13.0,200.0,0.114037
64320,24.0893,21.0,24.0,13.0,200.0,0.112847
64380,24.0856,21.0,24.0,13.0,200.0,0.112572
64440,24.0819,21.0,24.0,13.0,200.0,0.110763
64500,24.0781,21.0,24.0,13.0,200.0,0.105024
64560,24.0743,21.0,24.0,13.0,200.0,0.107898
64620,24.0705,21.0,24.0,13.0,200.0,0.105716
64680,24.0666,21.0,24.0,13.0,200.0,0.110155
64740,24.0628,21.0,24.0,13.0,200.0,0.107304
64800,24.0588,21.0,24.0,13.0,200.0,0.106667
64860,24.0549,21.0,24.0,13.0,200.0,0.109648
64920,24.0509,21.0,24.0,13.0,200.0,0.105818
64980,24.0469,21.0,24.0,13.0,200.0,0.111237
65040,24.0429,21.0,24.0,13.0,200.0,0.105319
65100,24.0388,21.0,24.0,13.0,200.0,0.107115
65160,24.0348,21.0,24.0,13.0,200.0,0.100259
65220,24.0306,21.0,24.0,13.0,200.0,0.107529
65280,24.0265,21.0,24.0,13.0,200.0,0.102617
65340,24.0223,21.0,24.0,13.0,200.0,0.105205
65400,24.0181,21.0,24.0,13.0,200.0,0.104217
65460,24.0139,21.0,24.0,13.0,200.0,0.101525
65520,24.0096,21.0,24.0,13.0,200.0,0.102407
65580,24.0053,21.0,24.0,13.0,200.0,0.099309
65640,24.001,21.0,24.0,13.0,200.0,0.105544
65700,23.9966,21.0,24.0,13.0,200.0,0.103737
65760,23.9923,21.0,24.0,13.0,200.0,0.10193
65820,23.9879,21.0,24.0,13.0,200.0,0.095279
65880,23.9834,21.0,24.0,13.0,200.0,0.095603
65940,23.979,21.0,24.0,13.0,200.0,0.097345
66000,23.9745,21.0,24.0,13.0,200.0,0.09902
66060,23.97,21.0,24.0,13.0,200.0,0.101792
66120,23.9654,21.0,24.0,13.0,200.0,0.096414
66180,23.9608,21.0,24.0,13.0,200.0,0.104708
66240,23.9562,21.0,24.0,13.0,200.0,0.100014
66300,23.9516,21.0,24.0,13.0,200.0,0.091949
66360,23.9469,21.0,24.0,13.0,200.0,0.098099
66420,23.9423,21.0,24.0,13.0,200.0,0.089659
66480,23.9375,21.0,24.0,13.0,200.0,0.096993
66540,23.9328,21.0,24.0,13.0,200.0,0.097803
66600,23.928,21.0,24.0,13.0,200.0,0.097558
66660,23.9232,21.0,24.0,13.0,200.0,0.098699
66720,23.9184,21.0,24.0,13.0,200.0,0.098424
66780,23.9136,21.0,24.0,13.0,200.0,0.097625
66840,23.9087,21.0,24.0,13.0,200.0,0.10601
66900,23.9038,21.0,24.0,13.0,200.0,0.10486
66960,23.8989,21.0,24.0,13.0,200.0,0.095433
67020,23.8939,21.0,24.0,13.0,200.0,0.105016
67080,23.8889,21.0,24.0,13.0,200.0,0.093515
67140,23.8839,21.0,24.0,13.0,200.0,0.096742
67200,23.8789,21.0,24.0,13.0,200.0,0.106101
67260,23.8738,21.0,24.0,13.0,200.0,0.091042
67320,23.8687,21.0,24.0,13.0,200.0,0.102299
67380,23.8636,21.0,24.0,13.0,200.0,0.094986
67440,23.8585,21.0,24.0,13.0,200.0,0.099424
67500,23.8533,21.0,24.0,13.0,200.0,0.099279
67560,23.8481,21.0,24.0,13.0,200.0,0.106789
67620,23.8429,21.0,24.0,13.0,200.0,0.096758
67680,23.8377,21.0,24.0,13.0,200.0,0.099724
67740,23.8324,21.0,24.0,13.0,200.0,0.102508
67800,23.8271,21.0,24.0,13.0,200.0,0.098993
67860,23.8218,21.0,24.0,13.0,200.0,0.096712
67920,23.8164,21.0,24.0,13.0,200.0,0.099763
67980,23.8111,21.0,24.0,13.0,200.0,0.100374
68040,23.8057,21.0,24.0,13.0,200.0,0.103536
68100,23.8003,21.0,24.0,13.0,200.0,0.096228
68160,23.7948,21.0,24.0,13.0,200.0,0.098203
68220,23.7893,21.0,24.0,13.0,200.0,0.101292
68280,23.7839,21.0,24.0,13.0,200.0,0.099331
68340,23.7783,21.0,24.0,13.0,200.0,0.099259
68400,23.7728,18.0,28.0,16.0,200.0,0.039932
68460,23.7672,18.0,28.0,16.0,200.0,0.037217
68520,23.7616,18.0,28.0,16.0,200.0,0.036801
68580,23.756,18.0,28.0,16.0,200.0,0.041763
68640,23.7504,18.0,28.0,16.0,200.0,0.03562
68700,23.7447,18.0,28.0,16.0,200.0,0.044662
68760,23.739,18.0,28.0,16.0,200.0,0.040869
68820,23.7333,18.0,28.0,16.0,200.0,0.034894
68880,23.7276,18.0,28.0,16.0,200.0,0.041132
68940,23.7218,18.0,28.0,16.0,200.0,0.040669
69000,23.7161,18.0,28.0,16.0,200.0,0.043049
69060,23.7103,18.0,28.0,16.0,200.0,0.044635
69120,23.7044,18.0,28.0,16.0,200.0,0.038534
69180,23.6986,18.0,28.0,16.0,200.0,0.037169
69240,23.6927,18.0,28.0,16.0,200.0,0.037576
69300,23.6868,18.0,28.0,16.0,200.0,0.036076
69360,23.6809,18.0,28.0,16.0,200.0,0.037014
69420,23.675,18.0,28.0,16.0,200.0,0.041138
69480,23.669,18.0,28.0,16.0,200.0,0.040061
69540,23.663,18.0,28.0,16.0,200.0,0.038035
69600,23.657,18.0,28.0,16.0,200.0,0.037047
69660,23.651,18.0,28.0,16.0,200.0,0.041392
69720,23.6449,18.0,28.0,16.0,200.0,0.037994
69780,23.6389,18.0,28.0,16.0,200.0,0.035839
69840,23.6328,18.0,28.0,16.0,200.0,0.039393
69900,23.6267,18.0,28.0,16.0,200.0,0.038942
69960,23.6205,18.0,28.0,16.0,200.0,0.03572
70020,23.6144,18.0,28.0,16.0,200.0,0.043309
70080,23.6082,18.0,28.0,16.0,200.0,0.043384
70140,23.602,18.0,28.0,16.0,200.0,0.040164
70200,23.5958,18.0,28.0,16.0,200.0,0.040524
70260,23.5895,18.0,28.0,16.0,200.0,0.042109
70320,23.5833,18.0,28.0,16.0,200.0,0.039876
70380,23.577,18.0,28.0,16.0,200.0,0.043565
70440,23.5707,18.0,28.0,16.0,200.0,0.046624
70500,23.5644,18.0,28.0,16.0,200.0,0.040322
70560,23.558,18.0,28.0,16.0,200.0,0.041761
70620,23.5516,18.0,28.0,16.0,200.0,0.043494
70680,23.5453,18.0,28.0,16.0,200.0,0.038648
70740,23.5389,18.0,28.0,16.0,200.0,0.035487
70800,23.5324,18.0,28.0,16.0,200.0,0.043624
70860,23.526,18.0,28.0,16.0,200.0,0.033725
70920,23.5195,18.0,28.0,16.0,200.0,0.047155
70980,23.513,18.0,28.0,16.0,200.0,0.043482
71040,23.5065,18.0,28.0,16.0,200.0,0.040751
71100,23.5,18.0,28.0,16.0,200.0,0.040204
71160,23.4935,18.0,28.0,16.0,200.0,0.047005
71220,23.4869,18.0,28.0,16.0,200.0,0.036215
71280,23.4804,18.0,28.0,16.0,200.0,0.035359
71340,23.4738,18.0,28.0,16.0,200.0,0.037607
71400,23.4671,18.0,28.0,16.0,200.0,0.038953
71460,23.4605,18.0,28.0,16.0,200.0,0.035974
71520,23.4539,18.0,28.0,16.0,200.0,0.040615
71580,23.4472,18.0,28.0,16.0,200.0,0.040544
71640,23.4405,18.0,28.0,16.0,200.0,0.036745
71700,23.4338,18.0,28.0,16.0,200.0,0.046412
71760,23.4271,18.0,28.0,16.0,200.0,0.034432
71820,23.4203,18.0,28.0,16.0,200.0,0.034893
71880,23.4136,18.0,28.0,16.0,200.0,0.041504
71940,23.4068,18.0,28.0,16.0,200.0,0.03917
72000,23.4,18.0,28.0,16.0,200.0,0.041671
72060,23.3932,18.0,28.0,16.0,200.0,0.037524
72120,23.3864,18.0,28.0,16.0,200.0,0.035867
72180,23.3795,18.0,28.0,16.0,200.0,0.037418
72240,23.3727,18.0,28.0,16.0,200.0,0.037266
72300,23.3658,18.0,28.0,16.0,200.0,0.0421
72360,23.3589,18.0,28.0,16.0,200.0,0.03808
72420,23.352,18.0,28.0,16.0,200.0,0.043046
72480,23.345,18.0,28.0,16.0,200.0,0.042352
72540,23.3381,18.0,28.0,16.0,200.0,0.044162
72600,23.3311,18.0,28.0,16.0,200.0,0.043603
72660,23.3242,18.0,28.0,16.0,200.0,0.043137
72720,23.3172,18.0,28.0,16.0,200.0,0.043079
72780,23.3102,18.0,28.0,16.0,200.0,0.037933
72840,23.3032,18.0,28.0,16.0,200.0,0.038952
72900,23.2961,18.0,28.0,16.0,200.0,0.032679
72960,23.2891,18.0,28.0,16.0,200.0,0.041167
73020,23.282,18.0,28.0,16.0,200.0,0.037305
73080,23.2749,18.0,28.0,16.0,200.0,0.041606
73140,23.2678,18.0,28.0,16.0,200.0,0.04211
73200,23.2607,18.0,28.0,16.0,200.0,0.034592
73260,23.2536,18.0,28.0,16.0,200.0,0.035945
73320,23.2464,18.0,28.0,16.0,200.0,0.038603
73380,23.2393,18.0,28.0,16.0,200.0,0.03793
73440,23.2321,18.0,28.0,16.0,200.0,0.040668
73500,23.2249,18.0,28.0,16.0,200.0,0.035378
73560,23.2177,18.0,28.0,16.0,200.0,0.040189
73620,23.2105,18.0,28.0,16.0,200.0,0.033246
73680,23.2033,18.0,28.0,16.0,200.0,0.03138
73740,23.1961,18.0,28.0,16.0,200.0,0.042867
73800,23.1888,18.0,28.0,16.0,200.0,0.034779
73860,23.1816,18.0,28.0,16.0,200.0,0.03776
73920,23.1743,18.0,28.0,16.0,200.0,0.034331
73980,23.167,18.0,28.0,16.0,200.0,0.034365
74040,23.1597,18.0,28.0,16.0,200.0,0.038405
74100,23.1524,18.0,28.0,16.0,200.0,0.038359
74160,23.1451,18.0,28.0,16.0,200.0,0.04393
74220,23.1377,18.0,28.0,16.0,200.0,0.041798
74280,23.1304,18.0,28.0,16.0,200.0,0.038956
74340,23.123,18.0,28.0,16.0,200.0,0.043031
74400,23.1156,18.0,28.0,16.0,200.0,0.044466
74460,23.1083,18.0,28.0,16.0,200.0,0.041645
74520,23.1009,18.0,28.0,16.0,200.0,0.038375
74580,23.0934,18.0,28.0,16.0,200.0,0.044074
74640,23.086,18.0,28.0,16.0,200.0,0.047074
74700,23.0786,18.0,28.0,16.0,200.0,0.042642
74760,23.0711,18.0,28.0,16.0,200.0,0.047083
74820,23.0637,18.0,28.0,16.0,200.0,0.043706
74880,23.0562,18.0,28.0,16.0,200.0,0.043395
74940,23.0488,18.0,28.0,16.0,200.0,0.035639
75000,23.0413,18.0,28.0,16.0,200.0,0.035546
75060,23.0338,18.0,28.0,16.0,200.0,0.039802
75120,23.0263,18.0,28.0,16.0,200.0,0.033322
75180,23.0188,18.0,28.0,16.0,200.0,0.037628
75240,23.0112,18.0,28.0,16.0,200.0,0.043469
75300,23.0037,18.0,28.0,16.0,200.0,0.037339
75360,22.9961,18.0,28.0,16.0,200.0,0.042133
75420,22.9886,18.0,28.0,16.0,200.0,0.034595
75480,22.981,18.0,28.0,16.0,200.0,0.038025
75540,22.9735,18.0,28.0,16.0,200.0,0.044094
75600,22.9659,18.0,28.0,16.0,200.0,0.040834
75660,22.9583,18.0,28.0,16.0,200.0,0.041161
75720,22.9507,18.0,28.0,16.0,200.0,0.046819
75780,22.9431,18.0,28.0,16.0,200.0,0.045187
75840,22.9355,18.0,28.0,16.0,200.0,0.036493
75900,22.9278,18.0,28.0,16.0,200.0,0.045272
75960,22.9202,18.0,28.0,16.0,200.0,0.037539
76020,22.9126,18.0,28.0,16.0,200.0,0.03993
76080,22.9049,18.0,28.0,16.0,200.0,0.040061
76140,22.8973,18.0,28.0,16.0,200.0,0.044292
76200,22.8896,18.0,28.0,16.0,200.0,0.035483
76260,22.8819,18.0,28.0,16.0,200.0,0.041807
76320,22.8742,18.0,28.0,16.0,200.0,0.042096
76380,22.8666,18.0,28.0,16.0,200.0,0.043246
76440,22.8589,18.0,28.0,16.0,200.0,0.039158
76500,22.8512,18.0,28.0,16.0,200.0,0.044014
76560,22.8435,18.0,28.0,16.0,200.0,0.037154
76620,22.8357,18.0,28.0,16.0,200.0,0.044588
76680,22.828,18.0,28.0,16.0,200.0,0.041409
76740,22.8203,18.0,28.0,16.0,200.0,0.0344
76800,22.8126,18.0,28.0,16.0,200.0,0.041632
76860,22.8048,18.0,28.0,16.0,200.0,0.040717
76920,22.7971,18.0,28.0,16.0,200.0,0.038577
76980,22.7893,18.0,28.0,16.0,200.0,0.037055
77040,22.7816,18.0,28.0,16.0,200.0,0.039039
77100,22.7738,18.0,28.0,16.0,200.0,0.034231
77160,22.7661,18.0,28.0,16.0,200.0,0.046763
77220,22.7583,18.0,28.0,16.0,200.0,0.035487
77280,22.7505,18.0,28.0,16.0,200.0,0.037355
77340,22.7427,18.0,28.0,16.0,200.0,0.04458
77400,22.7349,18.0,28.0,16.0,200.0,0.04234
77460,22.7272,18.0,28.0,16.0,200.0,0.042881
77520,22.7194,18.0,28.0,16.0,200.0,0.046067
77580,22.7116,18.0,28.0,16.0,200.0,0.038751
77640,22.7038,18.0,28.0,16.0,200.0,0.035814
77700,22.696,18.0,28.0,16.0,200.0,0.043377
77760,22.6882,18.0,28.0,16.0,200.0,0.043185
77820,22.6803,18.0,28.0,16.0,200.0,0.038692
77880,22.6725,18.0,28.0,16.0,200.0,0.034938
77940,22.6647,18.0,28.0,16.0,200.0,0.044957
78000,22.6569,18.0,28.0,16.0,200.0,0.042303
78060,22.6491,18.0,28.0,16.0,200.0,0.034506
78120,22.6412,18.0,28.0,16.0,200.0,0.04312
78180,22.6334,18.0,28.0,16.0,200.0,0.034236
78240,22.6256,18.0,28.0,16.0,200.0,0.038069
78300,22.6177,18.0,28.0,16.0,200.0,0.035507
78360,22.6099,18.0,28.0,16.0,200.0,0.037449
78420,22.602,18.0,28.0,16.0,200.0,0.036667
78480,22.5942,18.0,28.0,16.0,200.0,0.037547
78540,22.5864,18.0,28.0,16.0,200.0,0.042897
78600,22.5785,18.0,28.0,16.0,200.0,0.041178
78660,22.5707,18.0,28.0,16.0,200.0,0.042515
78720,22.5628,18.0,28.0,16.0,200.0,0.044369
78780,22.555,18.0,28.0,16.0,200.0,0.038509
78840,22.5471,18.0,28.0,16.0,200.0,0.04032
78900,22.5393,18.0,28.0,16.0,200.0,0.042153
78960,22.5314,18.0,28.0,16.0,200.0,0.046827
79020,22.5236,18.0,28.0,16.0,200.0,0.043596
79080,22.5157,18.0,28.0,16.0,200.0,0.045526
79140,22.5079,18.0,28.0,16.0,200.0,0.044076
79200,22.5,18.0,28.0,16.0,200.0,0.044229
79260,22.4921,18.0,28.0,16.0,200.0,0.032861
79320,22.4843,18.0,28.0,16.0,200.0,0.043523
79380,22.4764,18.0,28.0,16.0,200.0,0.040852
79440,22.4686,18.0,28.0,16.0,200.0,0.040217
79500,22.4607,18.0,28.0,16.0,200.0,0.037891
79560,22.4529,18.0,28.0,16.0,200.0,0.038299
79620,22.445,18.0,28.0,16.0,200.0,0.041665
79680,22.4372,18.0,28.0,16.0,200.0,0.04336
79740,22.4293,18.0,28.0,16.0,200.0,0.034009
79800,22.4215,18.0,28.0,16.0,200.0,0.040872
79860,22.4136,18.0,28.0,16.0,200.0,0.037757
79920,22.4058,18.0,28.0,16.0,200.0,0.036197
79980,22.398,18.0,28.0,16.0,200.0,0.04157
80040,22.3901,18.0,28.0,16.0,200.0,0.038685
80100,22.3823,18.0,28.0,16.0,200.0,0.037364
80160,22.3744,18.0,28.0,16.0,200.0,0.036923
80220,22.3666,18.0,28.0,16.0,200.0,0.041125
80280,22.3588,18.0,28.0,16.0,200.0,0.03996
80340,22.3509,18.0,28.0,16.0,200.0,0.035633
80400,22.3431,18.0,28.0,16.0,200.0,0.036636
80460,22.3353,18.0,28.0,16.0,200.0,0.03927
80520,22.3275,18.0,28.0,16.0,200.0,0.041621
80580,22.3197,18.0,28.0,16.0,200.0,0.035801
80640,22.3118,18.0,28.0,16.0,200.0,0.041952
80700,22.304,18.0,28.0,16.0,200.0,0.036704
80760,22.2962,18.0,28.0,16.0,200.0,0.050911
80820,22.2884,18.0,28.0,16.0,200.0,0.036236
80880,22.2806,18.0,28.0,16.0,200.0,0.036839
80940,22.2728,18.0,28.0,16.0,200.0,0.040776
81000,22.2651,18.0,28.0,16.0,200.0,0.03639
81060,22.2573,18.0,28.0,16.0,200.0,0.043311
81120,22.2495,18.0,28.0,16.0,200.0,0.047206
81180,22.2417,18.0,28.0,16.0,200.0,0.03845
81240,22.2339,18.0,28.0,16.0,200.0,0.040691
81300,22.2262,18.0,28.0,16.0,200.0,0.037929
81360,22.2184,18.0,28.0,16.0,200.0,0.04
81420,22.2107,18.0,28.0,16.0,200.0,0.045727
81480,22.2029,18.0,28.0,16.0,200.0,0.043577
81540,22.1952,18.0,28.0,16.0,200.0,0.036383
81600,22.1874,18.0,28.0,16.0,200.0,0.046184
81660,22.1797,18.0,28.0,16.0,200.0,0.044648
81720,22.172,18.0,28.0,16.0,200.0,0.041945
81780,22.1643,18.0,28.0,16.0,200.0,0.037363
81840,22.1565,18.0,28.0,16.0,200.0,0.040263
81900,22.1488,18.0,28.0,16.0,200.0,0.036818
81960,22.1411,18.0,28.0,16.0,200.0,0.04187
82020,22.1334,18.0,28.0,16.0,200.0,0.038734
82080,22.1258,18.0,28.0,16.0,200.0,0.03106
82140,22.1181,18.0,28.0,16.0,200.0,0.043705
82200,22.1104,18.0,28.0,16.0,200.0,0.040766
82260,22.1027,18.0,28.0,16.0,200.0,0.044314
82320,22.0951,18.0,28.0,16.0,200.0,0.039455
82380,22.0874,18.0,28.0,16.0,200.0,0.040754
82440,22.0798,18.0,28.0,16.0,200.0,0.044461
82500,22.0722,18.0,28.0,16.0,200.0,0.041551
82560,22.0645,18.0,28.0,16.0,200.0,0.041152
82620,22.0569,18.0,28.0,16.0,200.0,0.052858
82680,22.0493,18.0,28.0,16.0,200.0,0.039324
82740,22.0417,18.0,28.0,16.0,200.0,0.040677
82800,22.0341,18.0,28.0,16.0,200.0,0.046936
82860,22.0265,18.0,28.0,16.0,200.0,0.03678
82920,22.019,18.0,28.0,16.0,200.0,0.035836
82980,22.0114,18.0,28.0,16.0,200.0,0.034272
83040,22.0039,18.0,28.0,16.0,200.0,0.042135
83100,21.9963,18.0,28.0,16.0,200.0,0.042503
83160,21.9888,18.0,28.0,16.0,200.0,0.042966
83220,21.9812,18.0,28.0,16.0,200.0,0.034586
83280,21.9737,18.0,28.0,16.0,200.0,0.044023
83340,21.9662,18.0,28.0,16.0,200.0,0.044789
83400,21.9587,18.0,28.0,16.0,200.0,0.039611
83460,21.9512,18.0,28.0,16.0,200.0,0.04013
83520,21.9438,18.0,28.0,16.0,200.0,0.042702
83580,21.9363,18.0,28.0,16.0,200.0,0.041469
83640,21.9289,18.0,28.0,16.0,200.0,0.042568
83700,21.9214,18.0,28.0,16.0,200.0,0.035656
83760,21.914,18.0,28.0,16.0,200.0,0.039302
83820,21.9066,18.0,28.0,16.0,200.0,0.03515
83880,21.8991,18.0,28.0,16.0,200.0,0.042525
83940,21.8917,18.0,28.0,16.0,200.0,0.042121
84000,21.8844,18.0,28.0,16.0,200.0,0.039605
84060,21.877,18.0,28.0,16.0,200.0,0.041187
84120,21.8696,18.0,28.0,16.0,200.0,0.033774
84180,21.8623,18.0,28.0,16.0,200.0,0.043432
84240,21.8549,18.0,28.0,16.0,200.0,0.038131
84300,21.8476,18.0,28.0,16.0,200.0,0.040516
84360,21.8403,18.0,28.0,16.0,200.0,0.044461
84420,21.833,18.0,28.0,16.0,200.0,0.036974
84480,21.8257,18.0,28.0,16.0,200.0,0.044789
84540,21.8184,18.0,28.0,16.0,200.0,0.040496
84600,21.8112,18.0,28.0,16.0,200.0,0.040113
84660,21.8039,18.0,28.0,16.0,200.0,0.042224
84720,21.7967,18.0,28.0,16.0,200.0,0.035012
84780,21.7895,18.0,28.0,16.0,200.0,0.042376
84840,21.7823,18.0,28.0,16.0,200.0,0.040246
84900,21.7751,18.0,28.0,16.0,200.0,0.044145
84960,21.7679,18.0,28.0,16.0,200.0,0.039133
85020,21.7607,18.0,28.0,16.0,200.0,0.038547
85080,21.7536,18.0,28.0,16.0,200.0,0.041479
85140,21.7464,18.0,28.0,16.0,200.0,0.039763
85200,21.7393,18.0,28.0,16.0,200.0,0.035304
85260,21.7322,18.0,28.0,16.0,200.0,0.039224
85320,21.7251,18.0,28.0,16.0,200.0,0.045071
85380,21.718,18.0,28.0,16.0,200.0,0.039628
85440,21.7109,18.0,28.0,16.0,200.0,0.036518
85500,21.7039,18.0,28.0,16.0,200.0,0.042864
85560,21.6968,18.0,28.0,16.0,200.0,0.032586
85620,21.6898,18.0,28.0,16.0,200.0,0.031519
85680,21.6828,18.0,28.0,16.0,200.0,0.039983
85740,21.6758,18.0,28.0,16.0,200.0,0.040724
85800,21.6689,18.0,28.0,16.0,200.0,0.040882
85860,21.6619,18.0,28.0,16.0,200.0,0.036429
85920,21.655,18.0,28.0,16.0,200.0,0.039398
85980,21.648,18.0,28.0,16.0,200.0,0.034405
86040,21.6411,18.0,28.0,16.0,200.0,0.040878
86100,21.6342,18.0,28.0,16.0,200.0,0.033539
86160,21.6273,18.0,28.0,16.0,200.0,0.039403
86220,21.6205,18.0,28.0,16.0,200.0,0.041046
86280,21.6136,18.0,28.0,16.0,200.0,0.032973
86340,21.6068,18.0,28.0,16.0,200.0,0.03791
86400,21.6,18.0,28.0,16.0,200.0,0.043153
