timestamp,supply_air_temp_setpoint_c,outdoor_air_temp_c,return_air_temp_c,fan_command_pct,most_open_vav_damper_pct,minimum_outdoor_air_damper_pct,supply_air_temp_c
0,16.0,23.464,21.586,40.0,52.500,15.0,16.200
60,16.0,23.449,21.580,40.0,52.406,15.0,16.210
120,16.0,23.434,21.573,40.0,52.312,15.0,16.221
180,16.0,23.418,21.567,40.0,52.218,15.0,16.231
240,16.0,23.403,21.561,40.0,52.124,15.0,16.242
300,16.0,23.388,21.555,40.0,52.031,15.0,16.252
360,16.0,23.373,21.549,40.0,51.938,15.0,16.262
420,16.0,23.358,21.543,40.0,51.845,15.0,16.272
480,16.0,23.343,21.537,40.0,51.752,15.0,16.283
540,16.0,23.328,21.531,40.0,51.660,15.0,16.293
600,16.0,23.314,21.525,40.0,51.568,15.0,16.302
660,16.0,23.299,21.520,40.0,51.476,15.0,16.312
720,16.0,23.284,21.514,40.0,51.384,15.0,16.322
780,16.0,23.270,21.508,40.0,51.293,15.0,16.331
840,16.0,23.255,21.502,40.0,51.202,15.0,16.340
900,16.0,23.241,21.496,40.0,51.111,15.0,16.350
960,16.0,23.226,21.491,40.0,51.020,15.0,16.358
1020,16.0,23.212,21.485,40.0,50.930,15.0,16.367
1080,16.0,23.198,21.479,40.0,50.840,15.0,16.376
1140,16.0,23.184,21.474,40.0,50.750,15.0,16.384
1200,16.0,23.170,21.468,40.0,50.661,15.0,16.392
1260,16.0,23.156,21.462,40.0,50.571,15.0,16.400
1320,16.0,23.142,21.457,40.0,50.482,15.0,16.407
1380,16.0,23.128,21.451,40.0,50.394,15.0,16.415
1440,16.0,23.114,21.446,40.0,50.305,15.0,16.422
1500,16.0,23.101,21.440,40.0,50.217,15.0,16.429
1560,16.0,23.087,21.435,40.0,50.129,15.0,16.435
1620,16.0,23.073,21.429,40.0,50.042,15.0,16.441
1680,16.0,23.060,21.424,40.0,49.955,15.0,16.447
1740,16.0,23.047,21.419,40.0,49.868,15.0,16.453
1800,16.0,23.033,21.413,40.0,49.781,15.0,16.458
1860,16.0,23.020,21.408,40.0,49.695,15.0,16.463
1920,16.0,23.007,21.403,40.0,49.608,15.0,16.468
1980,16.0,22.994,21.397,40.0,49.523,15.0,16.472
2040,16.0,22.981,21.392,40.0,49.437,15.0,16.476
2100,16.0,22.968,21.387,40.0,49.352,15.0,16.480
2160,16.0,22.955,21.382,40.0,49.267,15.0,16.483
2220,16.0,22.942,21.377,40.0,49.182,15.0,16.486
2280,16.0,22.929,21.372,40.0,49.098,15.0,16.488
2340,16.0,22.917,21.367,40.0,49.014,15.0,16.491
2400,16.0,22.904,21.362,40.0,48.930,15.0,16.492
2460,16.0,22.892,21.357,40.0,48.847,15.0,16.494
2520,16.0,22.879,21.352,40.0,48.764,15.0,16.495
2580,16.0,22.867,21.347,40.0,48.681,15.0,16.496
2640,16.0,22.855,21.342,40.0,48.599,15.0,16.496
2700,16.0,22.843,21.337,40.0,48.516,15.0,16.496
2760,16.0,22.831,21.332,40.0,48.434,15.0,16.496
2820,16.0,22.819,21.327,40.0,48.353,15.0,16.495
2880,16.0,22.807,21.323,40.0,48.272,15.0,16.494
2940,16.0,22.795,21.318,40.0,48.191,15.0,16.493
3000,16.0,22.783,21.313,40.0,48.110,15.0,16.491
3060,16.0,22.771,21.309,40.0,48.030,15.0,16.489
3120,16.0,22.760,21.304,40.0,47.950,15.0,16.486
3180,16.0,22.748,21.299,40.0,47.870,15.0,16.483
3240,16.0,22.737,21.295,40.0,47.791,15.0,16.480
3300,16.0,22.725,21.290,40.0,47.712,15.0,16.476
3360,16.0,22.714,21.286,40.0,47.634,15.0,16.472
3420,16.0,22.703,21.281,40.0,47.555,15.0,16.468
3480,16.0,22.692,21.277,40.0,47.477,15.0,16.463
3540,16.0,22.681,21.272,40.0,47.400,15.0,16.458
3600,16.0,22.670,21.268,40.0,47.322,15.0,16.453
3660,16.0,22.659,21.264,40.0,47.245,15.0,16.447
3720,16.0,22.648,21.259,40.0,47.169,15.0,16.441
3780,16.0,22.638,21.255,40.0,47.092,15.0,16.435
3840,16.0,22.627,21.251,40.0,47.017,15.0,16.429
3900,16.0,22.616,21.247,40.0,46.941,15.0,16.422
3960,16.0,22.606,21.242,40.0,46.866,15.0,16.415
4020,16.0,22.596,21.238,40.0,46.791,15.0,16.407
4080,16.0,22.585,21.234,40.0,46.716,15.0,16.400
4140,16.0,22.575,21.230,40.0,46.642,15.0,16.392
4200,16.0,22.565,21.226,40.0,46.568,15.0,16.384
4260,16.0,22.555,21.222,40.0,46.495,15.0,16.375
4320,16.0,22.545,21.218,40.0,46.421,15.0,16.367
4380,16.0,22.535,21.214,40.0,46.349,15.0,16.358
4440,16.0,22.525,21.210,40.0,46.276,15.0,16.349
4500,16.0,22.516,21.206,40.0,46.204,15.0,16.339
4560,16.0,22.506,21.202,40.0,46.132,15.0,16.330
4620,16.0,22.497,21.199,40.0,46.061,15.0,16.320
4680,16.0,22.487,21.195,40.0,45.990,15.0,16.311
4740,16.0,22.478,21.191,40.0,45.919,15.0,16.301
4800,16.0,22.468,21.187,40.0,45.849,15.0,16.291
4860,16.0,22.459,21.184,40.0,45.779,15.0,16.280
4920,16.0,22.450,21.180,40.0,45.709,15.0,16.270
4980,16.0,22.441,21.176,40.0,45.640,15.0,16.260
5040,16.0,22.432,21.173,40.0,45.571,15.0,16.249
5100,16.0,22.423,21.169,40.0,45.503,15.0,16.238
5160,16.0,22.415,21.166,40.0,45.435,15.0,16.228
5220,16.0,22.406,21.162,40.0,45.367,15.0,16.217
5280,16.0,22.397,21.159,40.0,45.300,15.0,16.206
5340,16.0,22.389,21.156,40.0,45.233,15.0,16.196
5400,16.0,22.381,21.152,40.0,45.166,15.0,16.185
5460,16.0,22.372,21.149,40.0,45.100,15.0,16.174
5520,16.0,22.364,21.146,40.0,45.034,15.0,16.163
5580,16.0,22.356,21.142,40.0,44.969,15.0,16.152
5640,16.0,22.348,21.139,40.0,44.904,15.0,16.142
5700,16.0,22.340,21.136,40.0,44.839,15.0,16.131
5760,16.0,22.332,21.133,40.0,44.775,15.0,16.120
5820,16.0,22.324,21.130,40.0,44.711,15.0,16.110
5880,16.0,22.317,21.127,40.0,44.647,15.0,16.099
5940,16.0,22.309,21.124,40.0,44.584,15.0,16.089
6000,16.0,22.302,21.121,40.0,44.521,15.0,16.079
6060,16.0,22.294,21.118,40.0,44.459,15.0,16.069
6120,16.0,22.287,21.115,40.0,44.397,15.0,16.058
6180,16.0,22.280,21.112,40.0,44.335,15.0,16.049
6240,16.0,22.272,21.109,40.0,44.274,15.0,16.039
6300,16.0,22.265,21.106,40.0,44.213,15.0,16.029
6360,16.0,22.258,21.103,40.0,44.153,15.0,16.020
6420,16.0,22.252,21.101,40.0,44.093,15.0,16.011
6480,16.0,22.245,21.098,40.0,44.033,15.0,16.002
6540,16.0,22.238,21.095,40.0,43.974,15.0,15.993
6600,16.0,22.231,21.093,40.0,43.915,15.0,15.985
6660,16.0,22.225,21.090,40.0,43.857,15.0,15.976
6720,16.0,22.218,21.087,40.0,43.799,15.0,15.968
6780,16.0,22.212,21.085,40.0,43.741,15.0,15.960
6840,16.0,22.206,21.082,40.0,43.684,15.0,15.953
6900,16.0,22.200,21.080,40.0,43.627,15.0,15.946
6960,16.0,22.194,21.077,40.0,43.571,15.0,15.939
7020,16.0,22.188,21.075,40.0,43.515,15.0,15.932
7080,16.0,22.182,21.073,40.0,43.459,15.0,15.925
7140,16.0,22.176,21.070,40.0,43.404,15.0,15.919
7200,16.0,22.170,21.068,40.0,43.349,15.0,15.913
7260,16.0,22.165,21.066,40.0,43.295,15.0,15.908
7320,16.0,22.159,21.064,40.0,43.241,15.0,15.903
7380,16.0,22.154,21.062,40.0,43.188,15.0,15.898
7440,16.0,22.149,21.059,40.0,43.135,15.0,15.893
7500,16.0,22.143,21.057,40.0,43.082,15.0,15.889
7560,16.0,22.138,21.055,40.0,43.030,15.0,15.885
7620,16.0,22.133,21.053,40.0,42.978,15.0,15.882
7680,16.0,22.128,21.051,40.0,42.926,15.0,15.879
7740,16.0,22.123,21.049,40.0,42.875,15.0,15.876
7800,16.0,22.119,21.047,40.0,42.825,15.0,15.873
7860,16.0,22.114,21.046,40.0,42.775,15.0,15.871
7920,16.0,22.109,21.044,40.0,42.725,15.0,15.869
7980,16.0,22.105,21.042,40.0,42.676,15.0,15.868
8040,16.0,22.100,21.040,40.0,42.627,15.0,15.867
8100,16.0,22.096,21.038,40.0,42.578,15.0,15.866
8160,16.0,22.092,21.037,40.0,42.530,15.0,15.866
8220,16.0,22.088,21.035,40.0,42.483,15.0,15.866
8280,16.0,22.084,21.033,40.0,42.435,15.0,15.866
8340,16.0,22.080,21.032,40.0,42.389,15.0,15.867
8400,16.0,22.076,21.030,40.0,42.342,15.0,15.868
8460,16.0,22.072,21.029,40.0,42.296,15.0,15.870
8520,16.0,22.069,21.027,40.0,42.251,15.0,15.872
8580,16.0,22.065,21.026,40.0,42.206,15.0,15.874
8640,16.0,22.062,21.025,40.0,42.161,15.0,15.876
8700,16.0,22.058,21.023,40.0,42.117,15.0,15.879
8760,16.0,22.055,21.022,40.0,42.073,15.0,15.883
8820,16.0,22.052,21.021,40.0,42.030,15.0,15.886
8880,16.0,22.049,21.019,40.0,41.987,15.0,15.890
8940,16.0,22.046,21.018,40.0,41.945,15.0,15.894
9000,16.0,22.043,21.017,40.0,41.903,15.0,15.899
9060,16.0,22.040,21.016,40.0,41.861,15.0,15.904
9120,16.0,22.037,21.015,40.0,41.820,15.0,15.909
9180,16.0,22.035,21.014,40.0,41.780,15.0,15.914
9240,16.0,22.032,21.013,40.0,41.740,15.0,15.920
9300,16.0,22.030,21.012,40.0,41.700,15.0,15.926
9360,16.0,22.027,21.011,40.0,41.660,15.0,15.932
9420,16.0,22.025,21.010,40.0,41.622,15.0,15.939
9480,16.0,22.023,21.009,40.0,41.583,15.0,15.946
9540,16.0,22.021,21.008,40.0,41.545,15.0,15.953
9600,16.0,22.019,21.008,40.0,41.508,15.0,15.960
9660,16.0,22.017,21.007,40.0,41.471,15.0,15.968
9720,16.0,22.015,21.006,40.0,41.434,15.0,15.976
9780,16.0,22.014,21.005,40.0,41.398,15.0,15.984
9840,16.0,22.012,21.005,40.0,41.362,15.0,15.992
9900,16.0,22.011,21.004,40.0,41.327,15.0,16.000
9960,16.0,22.009,21.004,40.0,41.292,15.0,16.009
10020,16.0,22.008,21.003,40.0,41.258,15.0,16.018
10080,16.0,22.007,21.003,40.0,41.224,15.0,16.027
10140,16.0,22.006,21.002,40.0,41.190,15.0,16.036
10200,16.0,22.005,21.002,40.0,41.157,15.0,16.045
10260,16.0,22.004,21.002,40.0,41.125,15.0,16.054
10320,16.0,22.003,21.001,40.0,41.092,15.0,16.064
10380,16.0,22.002,21.001,40.0,41.061,15.0,16.073
10440,16.0,22.002,21.001,40.0,41.030,15.0,16.083
10500,16.0,22.001,21.000,40.0,40.999,15.0,16.092
10560,16.0,22.001,21.000,40.0,40.968,15.0,16.102
10620,16.0,22.000,21.000,40.0,40.939,15.0,16.112
10680,16.0,22.000,21.000,40.0,40.909,15.0,16.122
10740,16.0,22.000,21.000,40.0,40.880,15.0,16.132
10800,16.0,22.000,21.000,40.0,40.852,15.0,16.141
10860,16.0,22.000,21.000,40.0,40.824,15.0,16.151
10920,16.0,22.000,21.000,40.0,40.796,15.0,16.161
10980,16.0,22.000,21.000,40.0,40.769,15.0,16.171
11040,16.0,22.001,21.000,40.0,40.743,15.0,16.181
11100,16.0,22.001,21.000,40.0,40.716,15.0,16.190
11160,16.0,22.002,21.001,40.0,40.691,15.0,16.200
11220,16.0,22.002,21.001,40.0,40.666,15.0,16.210
11280,16.0,22.003,21.001,40.0,40.641,15.0,16.219
11340,16.0,22.004,21.002,40.0,40.616,15.0,16.228
11400,16.0,22.005,21.002,40.0,40.593,15.0,16.238
11460,16.0,22.006,21.002,40.0,40.569,15.0,16.247
11520,16.0,22.007,21.003,40.0,40.546,15.0,16.256
11580,16.0,22.008,21.003,40.0,40.524,15.0,16.265
11640,16.0,22.009,21.004,40.0,40.502,15.0,16.273
11700,16.0,22.011,21.004,40.0,40.480,15.0,16.282
11760,16.0,22.012,21.005,40.0,40.459,15.0,16.290
11820,16.0,22.014,21.005,40.0,40.439,15.0,16.298
11880,16.0,22.015,21.006,40.0,40.419,15.0,16.306
11940,16.0,22.017,21.007,40.0,40.399,15.0,16.314
12000,16.0,22.019,21.008,40.0,40.380,15.0,16.321
12060,16.0,22.021,21.008,40.0,40.361,15.0,16.329
12120,16.0,22.023,21.009,40.0,40.343,15.0,16.336
12180,16.0,22.025,21.010,40.0,40.325,15.0,16.342
12240,16.0,22.027,21.011,40.0,40.308,15.0,16.349
12300,16.0,22.030,21.012,40.0,40.291,15.0,16.355
12360,16.0,22.032,21.013,40.0,40.275,15.0,16.361
12420,16.0,22.035,21.014,40.0,40.259,15.0,16.367
12480,16.0,22.037,21.015,40.0,40.243,15.0,16.372
12540,16.0,22.040,21.016,40.0,40.228,15.0,16.377
12600,16.0,22.043,21.017,40.0,40.214,15.0,16.382
12660,16.0,22.046,21.018,40.0,40.200,15.0,16.386
12720,16.0,22.049,21.019,40.0,40.186,15.0,16.390
12780,16.0,22.052,21.021,40.0,40.173,15.0,16.394
12840,16.0,22.055,21.022,40.0,40.161,15.0,16.397
12900,16.0,22.058,21.023,40.0,40.149,15.0,16.400
12960,16.0,22.062,21.025,40.0,40.137,15.0,16.403
13020,16.0,22.065,21.026,40.0,40.126,15.0,16.405
13080,16.0,22.069,21.027,40.0,40.115,15.0,16.407
13140,16.0,22.072,21.029,40.0,40.105,15.0,16.409
13200,16.0,22.076,21.030,40.0,40.095,15.0,16.410
13260,16.0,22.080,21.032,40.0,40.086,15.0,16.411
13320,16.0,22.084,21.033,40.0,40.077,15.0,16.412
13380,16.0,22.088,21.035,40.0,40.069,15.0,16.412
13440,16.0,22.092,21.037,40.0,40.061,15.0,16.412
13500,16.0,22.096,21.038,40.0,40.054,15.0,16.411
13560,16.0,22.100,21.040,40.0,40.047,15.0,16.410
13620,16.0,22.105,21.042,40.0,40.040,15.0,16.409
13680,16.0,22.109,21.044,40.0,40.034,15.0,16.407
13740,16.0,22.114,21.046,40.0,40.029,15.0,16.405
13800,16.0,22.119,21.047,40.0,40.024,15.0,16.403
13860,16.0,22.123,21.049,40.0,40.019,15.0,16.400
13920,16.0,22.128,21.051,40.0,40.015,15.0,16.397
13980,16.0,22.133,21.053,40.0,40.012,15.0,16.394
14040,16.0,22.138,21.055,40.0,40.009,15.0,16.390
14100,16.0,22.143,21.057,40.0,40.006,15.0,16.386
14160,16.0,22.149,21.059,40.0,40.004,15.0,16.381
14220,16.0,22.154,21.062,40.0,40.002,15.0,16.376
14280,16.0,22.159,21.064,40.0,40.001,15.0,16.371
14340,16.0,22.165,21.066,40.0,40.000,15.0,16.366
14400,16.0,22.170,21.068,40.0,40.000,15.0,16.360
14460,16.0,22.176,21.070,40.0,40.000,15.0,16.354
14520,16.0,22.182,21.073,40.0,40.001,15.0,16.347
14580,16.0,22.188,21.075,40.0,40.002,15.0,16.340
14640,16.0,22.194,21.077,40.0,40.004,15.0,16.333
14700,16.0,22.200,21.080,40.0,40.006,15.0,16.326
14760,16.0,22.206,21.082,40.0,40.009,15.0,16.318
14820,16.0,22.212,21.085,40.0,40.012,15.0,16.310
14880,16.0,22.218,21.087,40.0,40.015,15.0,16.302
14940,16.0,22.225,21.090,40.0,40.019,15.0,16.294
15000,16.0,22.231,21.093,40.0,40.024,15.0,16.285
15060,16.0,22.238,21.095,40.0,40.029,15.0,16.276
15120,16.0,22.245,21.098,40.0,40.034,15.0,16.267
15180,16.0,22.252,21.101,40.0,40.040,15.0,16.258
15240,16.0,22.258,21.103,40.0,40.047,15.0,16.248
15300,16.0,22.265,21.106,40.0,40.054,15.0,16.238
15360,16.0,22.272,21.109,40.0,40.061,15.0,16.229
15420,16.0,22.280,21.112,40.0,40.069,15.0,16.218
15480,16.0,22.287,21.115,40.0,40.077,15.0,16.208
15540,16.0,22.294,21.118,40.0,40.086,15.0,16.198
15600,16.0,22.302,21.121,40.0,40.095,15.0,16.187
15660,16.0,22.309,21.124,40.0,40.105,15.0,16.176
15720,16.0,22.317,21.127,40.0,40.115,15.0,16.166
15780,16.0,22.324,21.130,40.0,40.126,15.0,16.155
15840,16.0,22.332,21.133,40.0,40.137,15.0,16.144
15900,16.0,22.340,21.136,40.0,40.149,15.0,16.133
15960,16.0,22.348,21.139,40.0,40.161,15.0,16.122
16020,16.0,22.356,21.142,40.0,40.173,15.0,16.110
16080,16.0,22.364,21.146,40.0,40.186,15.0,16.099
16140,16.0,22.372,21.149,40.0,40.200,15.0,16.088
16200,16.0,22.381,21.152,40.0,40.214,15.0,16.077
16260,16.0,22.389,21.156,40.0,40.228,15.0,16.065
16320,16.0,22.397,21.159,40.0,40.243,15.0,16.054
16380,16.0,22.406,21.162,40.0,40.259,15.0,16.043
16440,16.0,22.415,21.166,40.0,40.275,15.0,16.032
16500,16.0,22.423,21.169,40.0,40.291,15.0,16.020
16560,16.0,22.432,21.173,40.0,40.308,15.0,16.009
16620,16.0,22.441,21.176,40.0,40.325,15.0,15.998
16680,16.0,22.450,21.180,40.0,40.343,15.0,15.987
16740,16.0,22.459,21.184,40.0,40.361,15.0,15.977
16800,16.0,22.468,21.187,40.0,40.380,15.0,15.966
16860,16.0,22.478,21.191,40.0,40.399,15.0,15.955
16920,16.0,22.487,21.195,40.0,40.419,15.0,15.945
16980,16.0,22.497,21.199,40.0,40.439,15.0,15.934
17040,16.0,22.506,21.202,40.0,40.459,15.0,15.924
17100,16.0,22.516,21.206,40.0,40.480,15.0,15.914
17160,16.0,22.525,21.210,40.0,40.502,15.0,15.904
17220,16.0,22.535,21.214,40.0,40.524,15.0,15.895
17280,16.0,22.545,21.218,40.0,40.546,15.0,15.885
17340,16.0,22.555,21.222,40.0,40.569,15.0,15.876
17400,16.0,22.565,21.226,40.0,40.593,15.0,15.867
17460,16.0,22.575,21.230,40.0,40.616,15.0,15.859
17520,16.0,22.585,21.234,40.0,40.641,15.0,15.850
17580,16.0,22.596,21.238,40.0,40.666,15.0,15.842
17640,16.0,22.606,21.242,40.0,40.691,15.0,15.834
17700,16.0,22.616,21.247,40.0,40.716,15.0,15.826
17760,16.0,22.627,21.251,40.0,40.743,15.0,15.819
17820,16.0,22.638,21.255,40.0,40.769,15.0,15.812
17880,16.0,22.648,21.259,40.0,40.796,15.0,15.805
17940,16.0,22.659,21.264,40.0,40.824,15.0,15.798
18000,16.0,22.670,21.268,40.0,40.852,15.0,15.792
18060,16.0,22.681,21.272,40.0,40.880,15.0,15.786
18120,16.0,22.692,21.277,40.0,40.909,15.0,15.780
18180,16.0,22.703,21.281,40.0,40.939,15.0,15.775
18240,16.0,22.714,21.286,40.0,40.968,15.0,15.770
18300,16.0,22.725,21.290,40.0,40.999,15.0,15.766
18360,16.0,22.737,21.295,40.0,41.030,15.0,15.761
18420,16.0,22.748,21.299,40.0,41.061,15.0,15.757
18480,16.0,22.760,21.304,40.0,41.092,15.0,15.754
18540,16.0,22.771,21.309,40.0,41.125,15.0,15.751
18600,16.0,22.783,21.313,40.0,41.157,15.0,15.748
18660,16.0,22.795,21.318,40.0,41.190,15.0,15.745
18720,16.0,22.807,21.323,40.0,41.224,15.0,15.743
18780,16.0,22.819,21.327,40.0,41.258,15.0,15.741
18840,16.0,22.831,21.332,40.0,41.292,15.0,15.740
18900,16.0,22.843,21.337,40.0,41.327,15.0,15.739
18960,16.0,22.855,21.342,40.0,41.362,15.0,15.738
19020,16.0,22.867,21.347,40.0,41.398,15.0,15.738
19080,16.0,22.879,21.352,40.0,41.434,15.0,15.738
19140,16.0,22.892,21.357,40.0,41.471,15.0,15.739
19200,16.0,22.904,21.362,40.0,41.508,15.0,15.739
19260,16.0,22.917,21.367,40.0,41.545,15.0,15.740
19320,16.0,22.929,21.372,40.0,41.583,15.0,15.742
19380,16.0,22.942,21.377,40.0,41.622,15.0,15.744
19440,16.0,22.955,21.382,40.0,41.660,15.0,15.746
19500,16.0,22.968,21.387,40.0,41.700,15.0,15.749
19560,16.0,22.981,21.392,40.0,41.740,15.0,15.751
19620,16.0,22.994,21.397,40.0,41.780,15.0,15.755
19680,16.0,23.007,21.403,40.0,41.820,15.0,15.758
19740,16.0,23.020,21.408,40.0,41.861,15.0,15.762
19800,16.0,23.033,21.413,40.0,41.903,15.0,15.766
19860,16.0,23.047,21.419,40.0,41.945,15.0,15.771
19920,16.0,23.060,21.424,40.0,41.987,15.0,15.776
19980,16.0,23.073,21.429,40.0,42.030,15.0,15.781
20040,16.0,23.087,21.435,40.0,42.073,15.0,15.786
20100,16.0,23.101,21.440,40.0,42.117,15.0,15.792
20160,16.0,23.114,21.446,40.0,42.161,15.0,15.798
20220,16.0,23.128,21.451,40.0,42.206,15.0,15.804
20280,16.0,23.142,21.457,40.0,42.251,15.0,15.811
20340,16.0,23.156,21.462,40.0,42.296,15.0,15.818
20400,16.0,23.170,21.468,40.0,42.342,15.0,15.825
20460,16.0,23.184,21.474,40.0,42.389,15.0,15.832
20520,16.0,23.198,21.479,40.0,42.435,15.0,15.839
20580,16.0,23.212,21.485,40.0,42.483,15.0,15.847
20640,16.0,23.226,21.491,40.0,42.530,15.0,15.855
20700,16.0,23.241,21.496,40.0,42.578,15.0,15.863
20760,16.0,23.255,21.502,40.0,42.627,15.0,15.871
20820,16.0,23.270,21.508,40.0,42.676,15.0,15.880
20880,16.0,23.284,21.514,40.0,42.725,15.0,15.888
20940,16.0,23.299,21.520,40.0,42.775,15.0,15.897
21000,16.0,23.314,21.525,40.0,42.825,15.0,15.906
21060,16.0,23.328,21.531,40.0,42.875,15.0,15.915
21120,16.0,23.343,21.537,40.0,42.926,15.0,15.924
21180,16.0,23.358,21.543,40.0,42.978,15.0,15.934
21240,16.0,23.373,21.549,40.0,43.030,15.0,15.943
21300,16.0,23.388,21.555,40.0,43.082,15.0,15.952
21360,16.0,23.403,21.561,40.0,43.135,15.0,15.962
21420,16.0,23.418,21.567,40.0,43.188,15.0,15.971
21480,16.0,23.434,21.573,40.0,43.241,15.0,15.981
21540,16.0,23.449,21.580,40.0,43.295,15.0,15.990
21600,16.0,23.464,21.586,40.0,43.349,15.0,16.000
21660,16.0,23.480,21.592,40.0,43.404,15.0,16.010
21720,16.0,23.495,21.598,40.0,43.459,15.0,16.019
21780,16.0,23.511,21.604,40.0,43.515,15.0,16.029
21840,16.0,23.527,21.611,40.0,43.571,15.0,16.038
21900,16.0,23.542,21.617,40.0,43.627,15.0,16.048
21960,16.0,23.558,21.623,40.0,43.684,15.0,16.057
22020,16.0,23.574,21.630,40.0,43.741,15.0,16.066
22080,16.0,23.590,21.636,40.0,43.799,15.0,16.076
22140,16.0,23.606,21.642,40.0,43.857,15.0,16.085
22200,16.0,23.622,21.649,40.0,43.915,15.0,16.094
22260,16.0,23.638,21.655,40.0,43.974,15.0,16.103
22320,16.0,23.654,21.662,40.0,44.033,15.0,16.112
22380,16.0,23.671,21.668,40.0,44.093,15.0,16.120
22440,16.0,23.687,21.675,40.0,44.153,15.0,16.129
22500,16.0,23.703,21.681,40.0,44.213,15.0,16.137
22560,16.0,23.720,21.688,40.0,44.274,15.0,16.145
22620,16.0,23.736,21.694,40.0,44.335,15.0,16.153
22680,16.0,23.753,21.701,40.0,44.397,15.0,16.161
22740,16.0,23.769,21.708,40.0,44.459,15.0,16.168
22800,16.0,23.786,21.714,40.0,44.521,15.0,16.175
22860,16.0,23.803,21.721,40.0,44.584,15.0,16.182
22920,16.0,23.820,21.728,40.0,44.647,15.0,16.189
22980,16.0,23.836,21.735,40.0,44.711,15.0,16.196
23040,16.0,23.853,21.741,40.0,44.775,15.0,16.202
23100,16.0,23.870,21.748,40.0,44.839,15.0,16.208
23160,16.0,23.887,21.755,40.0,44.904,15.0,16.214
23220,16.0,23.905,21.762,40.0,44.969,15.0,16.219
23280,16.0,23.922,21.769,40.0,45.034,15.0,16.224
23340,16.0,23.939,21.776,40.0,45.100,15.0,16.229
23400,16.0,23.956,21.782,40.0,45.166,15.0,16.234
23460,16.0,23.974,21.789,40.0,45.233,15.0,16.238
23520,16.0,23.991,21.796,40.0,45.300,15.0,16.242
23580,16.0,24.008,21.803,40.0,45.367,15.0,16.245
23640,16.0,24.026,21.810,40.0,45.435,15.0,16.249
23700,16.0,24.043,21.817,40.0,45.503,15.0,16.251
23760,16.0,24.061,21.824,40.0,45.571,15.0,16.254
23820,16.0,24.079,21.832,40.0,45.640,15.0,16.256
23880,16.0,24.096,21.839,40.0,45.709,15.0,16.258
23940,16.0,24.114,21.846,40.0,45.779,15.0,16.260
24000,16.0,24.132,21.853,40.0,45.849,15.0,16.261
24060,16.0,24.150,21.860,40.0,45.919,15.0,16.261
24120,16.0,24.168,21.867,40.0,45.990,15.0,16.262
24180,16.0,24.186,21.874,40.0,46.061,15.0,16.262
24240,16.0,24.204,21.882,40.0,46.132,15.0,16.262
24300,16.0,24.222,21.889,40.0,46.204,15.0,16.261
24360,16.0,24.240,21.896,40.0,46.276,15.0,16.260
24420,16.0,24.259,21.903,40.0,46.349,15.0,16.259
24480,16.0,24.277,21.911,40.0,46.421,15.0,16.257
24540,16.0,24.295,21.918,40.0,46.495,15.0,16.255
24600,16.0,24.314,21.925,40.0,46.568,15.0,16.252
24660,16.0,24.332,21.933,40.0,46.642,15.0,16.249
24720,16.0,24.350,21.940,40.0,46.716,15.0,16.246
24780,16.0,24.369,21.948,40.0,46.791,15.0,16.243
24840,16.0,24.388,21.955,40.0,46.866,15.0,16.239
24900,16.0,24.406,21.962,40.0,46.941,15.0,16.234
24960,16.0,24.425,21.970,40.0,47.017,15.0,16.230
25020,16.0,24.444,21.977,40.0,47.092,15.0,16.225
25080,16.0,24.462,21.985,40.0,47.169,15.0,16.220
25140,16.0,24.481,21.992,40.0,47.245,15.0,16.214
25200,16.0,24.500,22.000,40.0,47.322,15.0,16.208
25260,16.0,24.519,22.008,40.0,47.400,15.0,16.202
25320,16.0,24.538,22.015,40.0,47.477,15.0,16.195
25380,16.0,24.557,22.023,40.0,47.555,15.0,16.188
25440,16.0,24.576,22.030,40.0,47.634,15.0,16.181
25500,16.0,24.595,22.038,40.0,47.712,15.0,16.174
25560,16.0,24.614,22.046,40.0,47.791,15.0,16.166
25620,16.0,24.633,22.053,40.0,47.870,15.0,16.158
25680,16.0,24.653,22.061,40.0,47.950,15.0,16.150
25740,16.0,24.672,22.069,40.0,48.030,15.0,16.141
25800,16.0,24.691,22.077,40.0,48.110,15.0,16.133
25860,16.0,24.711,22.084,40.0,48.191,15.0,16.124
25920,16.0,24.730,22.092,40.0,48.272,15.0,16.115
25980,16.0,24.750,22.100,40.0,48.353,15.0,16.105
26040,16.0,24.769,22.108,40.0,48.434,15.0,16.096
26100,16.0,24.789,22.115,40.0,48.516,15.0,16.086
26160,16.0,24.808,22.123,40.0,48.599,15.0,16.076
26220,16.0,24.828,22.131,40.0,48.681,15.0,16.066
26280,16.0,24.847,22.139,40.0,48.764,15.0,16.055
26340,16.0,24.867,22.147,40.0,48.847,15.0,16.045
26400,16.0,24.887,22.155,40.0,48.930,15.0,16.034
26460,16.0,24.907,22.163,40.0,49.014,15.0,16.023
26520,16.0,24.927,22.171,40.0,49.098,15.0,16.013
26580,16.0,24.946,22.179,40.0,49.182,15.0,16.002
26640,16.0,24.966,22.187,40.0,49.267,15.0,15.991
26700,16.0,24.986,22.195,40.0,49.352,15.0,15.980
26760,16.0,25.006,22.203,40.0,49.437,15.0,15.968
26820,16.0,25.026,22.211,40.0,49.523,15.0,15.957
26880,16.0,25.046,22.219,40.0,49.608,15.0,15.946
26940,16.0,25.066,22.227,40.0,49.695,15.0,15.935
27000,16.0,25.087,22.235,40.0,49.781,15.0,15.923
27060,16.0,25.107,22.243,40.0,49.868,15.0,15.912
27120,16.0,25.127,22.251,40.0,49.955,15.0,15.901
27180,16.0,25.147,22.259,40.0,50.042,15.0,15.890
27240,16.0,25.167,22.267,40.0,50.129,15.0,15.878
27300,16.0,25.188,22.275,40.0,50.217,15.0,15.867
27360,16.0,25.208,22.283,40.0,50.305,15.0,15.856
27420,16.0,25.229,22.291,40.0,50.394,15.0,15.845
27480,16.0,25.249,22.300,40.0,50.482,15.0,15.834
27540,16.0,25.269,22.308,40.0,50.571,15.0,15.824
27600,16.0,25.290,22.316,40.0,50.661,15.0,15.813
27660,16.0,25.310,22.324,40.0,50.750,15.0,15.802
27720,16.0,25.331,22.332,40.0,50.840,15.0,15.792
27780,16.0,25.352,22.341,40.0,50.930,15.0,15.782
27840,16.0,25.372,22.349,40.0,51.020,15.0,15.771
27900,16.0,25.393,22.357,40.0,51.111,15.0,15.762
27960,16.0,25.413,22.365,40.0,51.202,15.0,15.752
28020,16.0,25.434,22.374,40.0,51.293,15.0,15.742
28080,16.0,25.455,22.382,40.0,51.384,15.0,15.733
28140,16.0,25.476,22.390,40.0,51.476,15.0,15.724
28200,16.0,25.496,22.399,40.0,51.568,15.0,15.715
28260,16.0,25.517,22.407,40.0,51.660,15.0,15.706
28320,16.0,25.538,22.415,40.0,51.752,15.0,15.698
28380,16.0,25.559,22.424,40.0,51.845,15.0,15.690
28440,16.0,25.580,22.432,40.0,51.938,15.0,15.682
28500,16.0,25.601,22.440,40.0,52.031,15.0,15.674
28560,16.0,25.622,22.449,40.0,52.124,15.0,15.667
28620,16.0,25.643,22.457,40.0,52.218,15.0,15.660
28680,16.0,25.664,22.466,40.0,52.312,15.0,15.653
28740,16.0,25.685,22.474,40.0,52.406,15.0,15.646
28800,13.0,25.706,22.482,80.0,52.500,15.0,12.640
28860,13.0,25.727,22.491,80.0,52.595,15.0,12.634
28920,13.0,25.748,22.499,80.0,52.689,15.0,12.629
28980,13.0,25.769,22.508,80.0,52.784,15.0,12.624
29040,13.0,25.790,22.516,80.0,52.880,15.0,12.619
29100,13.0,25.812,22.525,80.0,52.975,15.0,12.614
29160,13.0,25.833,22.533,80.0,53.071,15.0,12.610
29220,13.0,25.854,22.542,80.0,53.167,15.0,12.606
29280,13.0,25.875,22.550,80.0,53.263,15.0,12.603
29340,13.0,25.897,22.559,80.0,53.360,15.0,12.600
29400,13.0,25.918,22.567,80.0,53.456,15.0,12.597
29460,13.0,25.939,22.576,80.0,53.553,15.0,12.595
29520,13.0,25.960,22.584,80.0,53.650,15.0,12.593
29580,13.0,25.982,22.593,80.0,53.748,15.0,12.591
29640,13.0,26.003,22.601,80.0,53.845,15.0,12.590
29700,13.0,26.025,22.610,80.0,53.943,15.0,12.589
29760,13.0,26.046,22.618,80.0,54.041,15.0,12.588
29820,13.0,26.067,22.627,80.0,54.139,15.0,12.588
29880,13.0,26.089,22.636,80.0,54.237,15.0,12.588
29940,13.0,26.110,22.644,80.0,54.336,15.0,12.589
30000,13.0,26.132,22.653,80.0,54.435,15.0,12.590
30060,13.0,26.153,22.661,80.0,54.534,15.0,12.591
30120,13.0,26.175,22.670,80.0,54.633,15.0,12.593
30180,13.0,26.196,22.679,80.0,54.732,15.0,12.595
30240,13.0,26.218,22.687,80.0,54.832,15.0,12.597
30300,13.0,26.239,22.696,80.0,54.931,15.0,12.600
30360,13.0,26.261,22.704,80.0,55.031,15.0,12.603
30420,13.0,26.283,22.713,80.0,55.131,15.0,12.606
30480,13.0,26.304,22.722,80.0,55.232,15.0,12.610
30540,13.0,26.326,22.730,80.0,55.332,15.0,12.614
30600,13.0,26.347,22.739,80.0,55.433,15.0,12.618
30660,13.0,26.369,22.748,80.0,55.534,15.0,12.623
30720,13.0,26.391,22.756,80.0,55.635,15.0,12.628
30780,13.0,26.412,22.765,80.0,55.736,15.0,12.633
30840,13.0,26.434,22.774,80.0,55.837,15.0,12.639
30900,13.0,26.456,22.782,80.0,55.939,15.0,12.645
30960,13.0,26.477,22.791,80.0,56.041,15.0,12.651
31020,13.0,26.499,22.800,80.0,56.143,15.0,12.658
31080,13.0,26.521,22.808,80.0,56.245,15.0,12.664
31140,13.0,26.542,22.817,80.0,56.347,15.0,12.671
31200,13.0,26.564,22.826,80.0,56.449,15.0,12.679
31260,13.0,26.586,22.834,80.0,56.552,15.0,12.686
31320,13.0,26.608,22.843,80.0,56.655,15.0,12.694
31380,13.0,26.629,22.852,80.0,56.758,15.0,12.702
31440,13.0,26.651,22.860,80.0,56.861,15.0,12.710
31500,13.0,26.673,22.869,80.0,56.964,15.0,12.718
31560,13.0,26.695,22.878,80.0,57.067,15.0,12.727
31620,13.0,26.717,22.887,80.0,57.171,15.0,12.735
31680,13.0,26.738,22.895,80.0,57.275,15.0,12.744
31740,13.0,26.760,22.904,80.0,57.378,15.0,12.753
31800,13.0,26.782,22.913,80.0,57.482,15.0,12.762
31860,13.0,26.804,22.921,80.0,57.586,15.0,12.772
31920,13.0,26.826,22.930,80.0,57.691,15.0,12.781
31980,13.0,26.847,22.939,80.0,57.795,15.0,12.790
32040,13.0,26.869,22.948,80.0,57.900,15.0,12.800
32100,13.0,26.891,22.956,80.0,58.004,15.0,12.810
32160,13.0,26.913,22.965,80.0,58.109,15.0,12.819
32220,13.0,26.935,22.974,80.0,58.214,15.0,12.829
32280,13.0,26.956,22.983,80.0,58.319,15.0,12.839
32340,13.0,26.978,22.991,80.0,58.424,15.0,12.849
32400,13.0,27.000,23.000,80.0,58.530,15.0,12.859
32460,13.0,27.022,23.009,80.0,58.635,15.0,12.868
32520,13.0,27.044,23.017,80.0,58.740,15.0,12.878
32580,13.0,27.065,23.026,80.0,58.846,15.0,12.888
32640,13.0,27.087,23.035,80.0,58.952,15.0,12.898
32700,13.0,27.109,23.044,80.0,59.058,15.0,12.908
32760,13.0,27.131,23.052,80.0,59.164,15.0,12.917
32820,13.0,27.153,23.061,80.0,59.270,15.0,12.927
32880,13.0,27.174,23.070,80.0,59.376,15.0,12.936
32940,13.0,27.196,23.079,80.0,59.483,15.0,12.946
33000,13.0,27.218,23.087,80.0,59.589,15.0,12.955
33060,13.0,27.240,23.096,80.0,59.696,15.0,12.964
33120,13.0,27.262,23.105,80.0,59.802,15.0,12.973
33180,13.0,27.283,23.113,80.0,59.909,15.0,12.982
33240,13.0,27.305,23.122,80.0,60.016,15.0,12.991
33300,13.0,27.327,23.131,80.0,60.123,15.0,13.000
33360,13.0,27.349,23.140,80.0,60.230,15.0,13.008
33420,13.0,27.371,23.148,80.0,60.337,15.0,13.016
33480,13.0,27.392,23.157,80.0,60.444,15.0,13.024
33540,13.0,27.414,23.166,80.0,60.551,15.0,13.032
33600,13.0,27.436,23.174,80.0,60.659,15.0,13.040
33660,13.0,27.458,23.183,80.0,60.766,15.0,13.047
33720,13.0,27.479,23.192,80.0,60.874,15.0,13.054
33780,13.0,27.501,23.200,80.0,60.981,15.0,13.061
33840,13.0,27.523,23.209,80.0,61.089,15.0,13.068
33900,13.0,27.544,23.218,80.0,61.197,15.0,13.074
33960,13.0,27.566,23.226,80.0,61.305,15.0,13.080
34020,13.0,27.588,23.235,80.0,61.413,15.0,13.086
34080,13.0,27.609,23.244,80.0,61.521,15.0,13.091
34140,13.0,27.631,23.252,80.0,61.629,15.0,13.096
34200,13.0,27.653,23.261,80.0,61.737,15.0,13.101
34260,13.0,27.674,23.270,80.0,61.845,15.0,13.106
34320,13.0,27.696,23.278,80.0,61.953,15.0,13.110
34380,13.0,27.717,23.287,80.0,62.062,15.0,13.114
34440,13.0,27.739,23.296,80.0,62.170,15.0,13.117
34500,13.0,27.761,23.304,80.0,62.278,15.0,13.121
34560,13.0,27.782,23.313,80.0,62.387,15.0,13.124
34620,13.0,27.804,23.321,80.0,62.495,15.0,13.126
34680,13.0,27.825,23.330,80.0,62.604,15.0,13.128
34740,13.0,27.847,23.339,80.0,62.712,15.0,13.130
34800,13.0,27.868,23.347,80.0,62.821,15.0,13.132
34860,13.0,27.890,23.356,80.0,62.930,15.0,13.133
34920,13.0,27.911,23.364,80.0,63.039,15.0,13.134
34980,13.0,27.933,23.373,80.0,63.147,15.0,13.134
35040,13.0,27.954,23.382,80.0,63.256,15.0,13.134
35100,13.0,27.975,23.390,80.0,63.365,15.0,13.134
35160,13.0,27.997,23.399,80.0,63.474,15.0,13.133
35220,13.0,28.018,23.407,80.0,63.583,15.0,13.132
35280,13.0,28.040,23.416,80.0,63.692,15.0,13.131
35340,13.0,28.061,23.424,80.0,63.801,15.0,13.129
35400,13.0,28.082,23.433,80.0,63.910,15.0,13.127
35460,13.0,28.103,23.441,80.0,64.019,15.0,13.124
35520,13.0,28.125,23.450,80.0,64.128,15.0,13.121
35580,13.0,28.146,23.458,80.0,64.237,15.0,13.118
35640,13.0,28.167,23.467,80.0,64.346,15.0,13.115
35700,13.0,28.188,23.475,80.0,64.455,15.0,13.111
35760,13.0,28.210,23.484,80.0,64.564,15.0,13.107
35820,13.0,28.231,23.492,80.0,64.673,15.0,13.102
35880,13.0,28.252,23.501,80.0,64.782,15.0,13.097
35940,13.0,28.273,23.509,80.0,64.891,15.0,13.092
36000,13.0,28.294,23.518,80.0,65.000,15.0,13.087
36060,13.0,28.315,23.526,80.0,65.109,15.0,13.081
36120,13.0,28.336,23.534,80.0,65.218,15.0,13.075
36180,13.0,28.357,23.543,80.0,65.327,15.0,13.068
36240,13.0,28.378,23.551,80.0,65.436,15.0,13.061
36300,13.0,28.399,23.560,80.0,65.545,15.0,13.054
36360,13.0,28.420,23.568,80.0,65.654,15.0,13.047
36420,13.0,28.441,23.576,80.0,65.763,15.0,13.040
36480,13.0,28.462,23.585,80.0,65.872,15.0,13.032
36540,13.0,28.483,23.593,80.0,65.981,15.0,13.024
36600,13.0,28.504,23.601,80.0,66.090,15.0,13.015
36660,13.0,28.524,23.610,80.0,66.199,15.0,13.007
36720,13.0,28.545,23.618,80.0,66.308,15.0,12.998
36780,13.0,28.566,23.626,80.0,66.417,15.0,12.989
36840,13.0,28.587,23.635,80.0,66.526,15.0,12.980
36900,13.0,28.607,23.643,80.0,66.635,15.0,12.971
36960,13.0,28.628,23.651,80.0,66.744,15.0,12.961
37020,13.0,28.648,23.659,80.0,66.853,15.0,12.951
37080,13.0,28.669,23.668,80.0,66.961,15.0,12.942
37140,13.0,28.690,23.676,80.0,67.070,15.0,12.931
37200,13.0,28.710,23.684,80.0,67.179,15.0,12.921
37260,13.0,28.731,23.692,80.0,67.288,15.0,12.911
37320,13.0,28.751,23.700,80.0,67.396,15.0,12.901
37380,13.0,28.771,23.709,80.0,67.505,15.0,12.890
37440,13.0,28.792,23.717,80.0,67.613,15.0,12.880
37500,13.0,28.812,23.725,80.0,67.722,15.0,12.869
37560,13.0,28.833,23.733,80.0,67.830,15.0,12.858
37620,13.0,28.853,23.741,80.0,67.938,15.0,12.848
37680,13.0,28.873,23.749,80.0,68.047,15.0,12.837
37740,13.0,28.893,23.757,80.0,68.155,15.0,12.826
37800,13.0,28.913,23.765,80.0,68.263,15.0,12.815
37860,13.0,28.934,23.773,80.0,68.371,15.0,12.804
37920,13.0,28.954,23.781,80.0,68.479,15.0,12.794
37980,13.0,28.974,23.789,80.0,68.587,15.0,12.783
38040,13.0,28.994,23.797,80.0,68.695,15.0,12.772
38100,13.0,29.014,23.805,80.0,68.803,15.0,12.762
38160,13.0,29.034,23.813,80.0,68.911,15.0,12.751
38220,13.0,29.054,23.821,80.0,69.019,15.0,12.740
38280,13.0,29.073,23.829,80.0,69.126,15.0,12.730
38340,13.0,29.093,23.837,80.0,69.234,15.0,12.720
38400,13.0,29.113,23.845,80.0,69.341,15.0,12.709
38460,13.0,29.133,23.853,80.0,69.449,15.0,12.699
38520,13.0,29.153,23.861,80.0,69.556,15.0,12.689
38580,13.0,29.172,23.869,80.0,69.663,15.0,12.680
38640,13.0,29.192,23.877,80.0,69.770,15.0,12.670
38700,13.0,29.211,23.885,80.0,69.877,15.0,12.661
38760,13.0,29.231,23.892,80.0,69.984,15.0,12.651
38820,13.0,29.250,23.900,80.0,70.091,15.0,12.642
38880,13.0,29.270,23.908,80.0,70.198,15.0,12.633
38940,13.0,29.289,23.916,80.0,70.304,15.0,12.625
39000,13.0,29.309,23.923,80.0,70.411,15.0,12.616
39060,13.0,29.328,23.931,80.0,70.517,15.0,12.608
39120,13.0,29.347,23.939,80.0,70.624,15.0,12.600
39180,13.0,29.367,23.947,80.0,70.730,15.0,12.593
39240,13.0,29.386,23.954,80.0,70.836,15.0,12.585
39300,13.0,29.405,23.962,80.0,70.942,15.0,12.578
39360,13.0,29.424,23.970,80.0,71.048,15.0,12.571
39420,13.0,29.443,23.977,80.0,71.154,15.0,12.565
39480,13.0,29.462,23.985,80.0,71.260,15.0,12.559
39540,13.0,29.481,23.992,80.0,71.365,15.0,12.553
39600,13.0,29.500,24.000,80.0,71.470,15.0,12.547
39660,13.0,29.519,24.008,80.0,71.576,15.0,12.542
39720,13.0,29.538,24.015,80.0,71.681,15.0,12.537
39780,13.0,29.556,24.023,80.0,71.786,15.0,12.532
39840,13.0,29.575,24.030,80.0,71.891,15.0,12.528
39900,13.0,29.594,24.038,80.0,71.996,15.0,12.524
39960,13.0,29.612,24.045,80.0,72.100,15.0,12.520
40020,13.0,29.631,24.052,80.0,72.205,15.0,12.517
40080,13.0,29.650,24.060,80.0,72.309,15.0,12.514
40140,13.0,29.668,24.067,80.0,72.414,15.0,12.511
40200,13.0,29.686,24.075,80.0,72.518,15.0,12.509
40260,13.0,29.705,24.082,80.0,72.622,15.0,12.507
40320,13.0,29.723,24.089,80.0,72.725,15.0,12.506
40380,13.0,29.741,24.097,80.0,72.829,15.0,12.505
40440,13.0,29.760,24.104,80.0,72.933,15.0,12.504
40500,13.0,29.778,24.111,80.0,73.036,15.0,12.504
40560,13.0,29.796,24.118,80.0,73.139,15.0,12.504
40620,13.0,29.814,24.126,80.0,73.242,15.0,12.504
40680,13.0,29.832,24.133,80.0,73.345,15.0,12.505
40740,13.0,29.850,24.140,80.0,73.448,15.0,12.506
40800,13.0,29.868,24.147,80.0,73.551,15.0,12.508
40860,13.0,29.886,24.154,80.0,73.653,15.0,12.509
40920,13.0,29.904,24.161,80.0,73.755,15.0,12.512
40980,13.0,29.921,24.168,80.0,73.857,15.0,12.514
41040,13.0,29.939,24.176,80.0,73.959,15.0,12.517
41100,13.0,29.957,24.183,80.0,74.061,15.0,12.520
41160,13.0,29.974,24.190,80.0,74.163,15.0,12.524
41220,13.0,29.992,24.197,80.0,74.264,15.0,12.528
41280,13.0,30.009,24.204,80.0,74.365,15.0,12.532
41340,13.0,30.026,24.211,80.0,74.466,15.0,12.537
41400,13.0,30.044,24.218,80.0,74.567,15.0,12.542
41460,13.0,30.061,24.224,80.0,74.668,15.0,12.547
41520,13.0,30.078,24.231,80.0,74.768,15.0,12.553
41580,13.0,30.095,24.238,80.0,74.869,15.0,12.559
41640,13.0,30.113,24.245,80.0,74.969,15.0,12.565
41700,13.0,30.130,24.252,80.0,75.069,15.0,12.571
41760,13.0,30.147,24.259,80.0,75.168,15.0,12.578
41820,13.0,30.164,24.265,80.0,75.268,15.0,12.585
41880,13.0,30.180,24.272,80.0,75.367,15.0,12.593
41940,13.0,30.197,24.279,80.0,75.466,15.0,12.600
42000,13.0,30.214,24.286,80.0,75.565,15.0,12.608
42060,13.0,30.231,24.292,80.0,75.664,15.0,12.616
42120,13.0,30.247,24.299,80.0,75.763,15.0,12.624
42180,13.0,30.264,24.306,80.0,75.861,15.0,12.633
42240,13.0,30.280,24.312,80.0,75.959,15.0,12.642
42300,13.0,30.297,24.319,80.0,76.057,15.0,12.650
42360,13.0,30.313,24.325,80.0,76.155,15.0,12.660
42420,13.0,30.329,24.332,80.0,76.252,15.0,12.669
42480,13.0,30.346,24.338,80.0,76.350,15.0,12.678
42540,13.0,30.362,24.345,80.0,76.447,15.0,12.688
42600,13.0,30.378,24.351,80.0,76.544,15.0,12.698
42660,13.0,30.394,24.358,80.0,76.640,15.0,12.707
42720,13.0,30.410,24.364,80.0,76.737,15.0,12.717
42780,13.0,30.426,24.370,80.0,76.833,15.0,12.728
42840,13.0,30.442,24.377,80.0,76.929,15.0,12.738
42900,13.0,30.458,24.383,80.0,77.025,15.0,12.748
42960,13.0,30.473,24.389,80.0,77.120,15.0,12.758
43020,13.0,30.489,24.396,80.0,77.216,15.0,12.769
43080,13.0,30.505,24.402,80.0,77.311,15.0,12.779
43140,13.0,30.520,24.408,80.0,77.405,15.0,12.790
43200,13.0,30.536,24.414,80.0,77.500,15.0,12.800
43260,13.0,30.551,24.420,80.0,77.594,15.0,12.810
43320,13.0,30.566,24.427,80.0,77.688,15.0,12.821
43380,13.0,30.582,24.433,80.0,77.782,15.0,12.831
43440,13.0,30.597,24.439,80.0,77.876,15.0,12.842
43500,13.0,30.612,24.445,80.0,77.969,15.0,12.852
43560,13.0,30.627,24.451,80.0,78.062,15.0,12.862
43620,13.0,30.642,24.457,80.0,78.155,15.0,12.873
43680,13.0,30.657,24.463,80.0,78.248,15.0,12.883
43740,13.0,30.672,24.469,80.0,78.340,15.0,12.893
43800,13.0,30.686,24.475,80.0,78.432,15.0,12.903
43860,13.0,30.701,24.480,80.0,78.524,15.0,12.913
43920,13.0,30.716,24.486,80.0,78.616,15.0,12.922
43980,13.0,30.730,24.492,80.0,78.707,15.0,12.932
44040,13.0,30.745,24.498,80.0,78.798,15.0,12.941
44100,13.0,30.759,24.504,80.0,78.889,15.0,12.950
44160,13.0,30.774,24.509,80.0,78.980,15.0,12.959
44220,13.0,30.788,24.515,80.0,79.070,15.0,12.968
44280,13.0,30.802,24.521,80.0,79.160,15.0,12.977
44340,13.0,30.816,24.526,80.0,79.250,15.0,12.985
44400,13.0,30.830,24.532,80.0,79.339,15.0,12.994
44460,13.0,30.844,24.538,80.0,79.429,15.0,13.002
44520,13.0,30.858,24.543,80.0,79.518,15.0,13.009
44580,13.0,30.872,24.549,80.0,79.606,15.0,13.017
44640,13.0,30.886,24.554,80.0,79.695,15.0,13.024
44700,13.0,30.899,24.560,80.0,79.783,15.0,13.031
44760,13.0,30.913,24.565,80.0,79.871,15.0,13.038
44820,13.0,30.927,24.571,80.0,79.958,15.0,13.044
44880,13.0,30.940,24.576,80.0,80.045,15.0,13.050
44940,13.0,30.953,24.581,80.0,80.132,15.0,13.056
45000,13.0,30.967,24.587,80.0,80.219,15.0,13.062
45060,13.0,30.980,24.592,80.0,80.305,15.0,13.067
45120,13.0,30.993,24.597,80.0,80.392,15.0,13.072
45180,13.0,31.006,24.603,80.0,80.477,15.0,13.076
45240,13.0,31.019,24.608,80.0,80.563,15.0,13.080
45300,13.0,31.032,24.613,80.0,80.648,15.0,13.084
45360,13.0,31.045,24.618,80.0,80.733,15.0,13.088
45420,13.0,31.058,24.623,80.0,80.818,15.0,13.091
45480,13.0,31.071,24.628,80.0,80.902,15.0,13.094
45540,13.0,31.083,24.633,80.0,80.986,15.0,13.096
45600,13.0,31.096,24.638,80.0,81.070,15.0,13.098
45660,13.0,31.108,24.643,80.0,81.153,15.0,13.100
45720,13.0,31.121,24.648,80.0,81.236,15.0,13.102
45780,13.0,31.133,24.653,80.0,81.319,15.0,13.103
45840,13.0,31.145,24.658,80.0,81.401,15.0,13.103
45900,13.0,31.157,24.663,80.0,81.484,15.0,13.104
45960,13.0,31.169,24.668,80.0,81.566,15.0,13.104
46020,13.0,31.181,24.673,80.0,81.647,15.0,13.103
46080,13.0,31.193,24.677,80.0,81.728,15.0,13.103
46140,13.0,31.205,24.682,80.0,81.809,15.0,13.102
46200,13.0,31.217,24.687,80.0,81.890,15.0,13.100
46260,13.0,31.229,24.691,80.0,81.970,15.0,13.098
46320,13.0,31.240,24.696,80.0,82.050,15.0,13.096
46380,13.0,31.252,24.701,80.0,82.130,15.0,13.094
46440,13.0,31.263,24.705,80.0,82.209,15.0,13.091
46500,13.0,31.275,24.710,80.0,82.288,15.0,13.088
46560,13.0,31.286,24.714,80.0,82.366,15.0,13.084
46620,13.0,31.297,24.719,80.0,82.445,15.0,13.080
46680,13.0,31.308,24.723,80.0,82.523,15.0,13.076
46740,13.0,31.319,24.728,80.0,82.600,15.0,13.071
46800,13.0,31.330,24.732,80.0,82.678,15.0,13.067
46860,13.0,31.341,24.736,80.0,82.755,15.0,13.061
46920,13.0,31.352,24.741,80.0,82.831,15.0,13.056
46980,13.0,31.362,24.745,80.0,82.908,15.0,13.050
47040,13.0,31.373,24.749,80.0,82.983,15.0,13.044
47100,13.0,31.384,24.753,80.0,83.059,15.0,13.038
47160,13.0,31.394,24.758,80.0,83.134,15.0,13.031
47220,13.0,31.404,24.762,80.0,83.209,15.0,13.024
47280,13.0,31.415,24.766,80.0,83.284,15.0,13.017
47340,13.0,31.425,24.770,80.0,83.358,15.0,13.010
47400,13.0,31.435,24.774,80.0,83.432,15.0,13.002
47460,13.0,31.445,24.778,80.0,83.505,15.0,12.994
47520,13.0,31.455,24.782,80.0,83.579,15.0,12.986
47580,13.0,31.465,24.786,80.0,83.651,15.0,12.978
47640,13.0,31.475,24.790,80.0,83.724,15.0,12.969
47700,13.0,31.484,24.794,80.0,83.796,15.0,12.961
47760,13.0,31.494,24.798,80.0,83.868,15.0,12.952
47820,13.0,31.503,24.801,80.0,83.939,15.0,12.943
47880,13.0,31.513,24.805,80.0,84.010,15.0,12.933
47940,13.0,31.522,24.809,80.0,84.081,15.0,12.924
48000,13.0,31.532,24.813,80.0,84.151,15.0,12.915
48060,13.0,31.541,24.816,80.0,84.221,15.0,12.905
48120,13.0,31.550,24.820,80.0,84.291,15.0,12.895
48180,13.0,31.559,24.824,80.0,84.360,15.0,12.886
48240,13.0,31.568,24.827,80.0,84.429,15.0,12.876
48300,13.0,31.577,24.831,80.0,84.497,15.0,12.866
48360,13.0,31.585,24.834,80.0,84.565,15.0,12.856
48420,13.0,31.594,24.838,80.0,84.633,15.0,12.846
48480,13.0,31.603,24.841,80.0,84.700,15.0,12.835
48540,13.0,31.611,24.844,80.0,84.767,15.0,12.825
48600,13.0,31.619,24.848,80.0,84.834,15.0,12.815
48660,13.0,31.628,24.851,80.0,84.900,15.0,12.805
48720,13.0,31.636,24.854,80.0,84.966,15.0,12.795
48780,13.0,31.644,24.858,80.0,85.031,15.0,12.785
48840,13.0,31.652,24.861,80.0,85.096,15.0,12.775
48900,13.0,31.660,24.864,80.0,85.161,15.0,12.765
48960,13.0,31.668,24.867,80.0,85.225,15.0,12.755
49020,13.0,31.676,24.870,80.0,85.289,15.0,12.745
49080,13.0,31.683,24.873,80.0,85.353,15.0,12.735
49140,13.0,31.691,24.876,80.0,85.416,15.0,12.726
49200,13.0,31.698,24.879,80.0,85.479,15.0,12.716
49260,13.0,31.706,24.882,80.0,85.541,15.0,12.707
49320,13.0,31.713,24.885,80.0,85.603,15.0,12.697
49380,13.0,31.720,24.888,80.0,85.665,15.0,12.688
49440,13.0,31.728,24.891,80.0,85.726,15.0,12.679
49500,13.0,31.735,24.894,80.0,85.787,15.0,12.671
49560,13.0,31.742,24.897,80.0,85.847,15.0,12.662
49620,13.0,31.748,24.899,80.0,85.907,15.0,12.654
49680,13.0,31.755,24.902,80.0,85.967,15.0,12.645
49740,13.0,31.762,24.905,80.0,86.026,15.0,12.637
49800,13.0,31.769,24.907,80.0,86.085,15.0,12.630
49860,13.0,31.775,24.910,80.0,86.143,15.0,12.622
49920,13.0,31.782,24.913,80.0,86.201,15.0,12.615
49980,13.0,31.788,24.915,80.0,86.259,15.0,12.608
50040,13.0,31.794,24.918,80.0,86.316,15.0,12.601
50100,13.0,31.800,24.920,80.0,86.373,15.0,12.595
50160,13.0,31.806,24.923,80.0,86.429,15.0,12.589
50220,13.0,31.812,24.925,80.0,86.485,15.0,12.583
50280,13.0,31.818,24.927,80.0,86.541,15.0,12.577
50340,13.0,31.824,24.930,80.0,86.596,15.0,12.572
50400,13.0,31.830,24.932,80.0,86.651,15.0,12.567
50460,13.0,31.835,24.934,80.0,86.705,15.0,12.562
50520,13.0,31.841,24.936,80.0,86.759,15.0,12.558
50580,13.0,31.846,24.938,80.0,86.812,15.0,12.554
50640,13.0,31.851,24.941,80.0,86.865,15.0,12.550
50700,13.0,31.857,24.943,80.0,86.918,15.0,12.547
50760,13.0,31.862,24.945,80.0,86.970,15.0,12.544
50820,13.0,31.867,24.947,80.0,87.022,15.0,12.542
50880,13.0,31.872,24.949,80.0,87.074,15.0,12.539
50940,13.0,31.877,24.951,80.0,87.125,15.0,12.537
51000,13.0,31.881,24.953,80.0,87.175,15.0,12.536
51060,13.0,31.886,24.954,80.0,87.225,15.0,12.535
51120,13.0,31.891,24.956,80.0,87.275,15.0,12.534
51180,13.0,31.895,24.958,80.0,87.324,15.0,12.533
51240,13.0,31.900,24.960,80.0,87.373,15.0,12.533
51300,13.0,31.904,24.962,80.0,87.422,15.0,12.534
51360,13.0,31.908,24.963,80.0,87.470,15.0,12.534
51420,13.0,31.912,24.965,80.0,87.517,15.0,12.535
51480,13.0,31.916,24.967,80.0,87.565,15.0,12.537
51540,13.0,31.920,24.968,80.0,87.611,15.0,12.539
51600,13.0,31.924,24.970,80.0,87.658,15.0,12.541
51660,13.0,31.928,24.971,80.0,87.704,15.0,12.543
51720,13.0,31.931,24.973,80.0,87.749,15.0,12.546
51780,13.0,31.935,24.974,80.0,87.794,15.0,12.549
51840,13.0,31.938,24.975,80.0,87.839,15.0,12.553
51900,13.0,31.942,24.977,80.0,87.883,15.0,12.557
51960,13.0,31.945,24.978,80.0,87.927,15.0,12.561
52020,13.0,31.948,24.979,80.0,87.970,15.0,12.566
52080,13.0,31.951,24.981,80.0,88.013,15.0,12.571
52140,13.0,31.954,24.982,80.0,88.055,15.0,12.576
52200,13.0,31.957,24.983,80.0,88.097,15.0,12.582
52260,13.0,31.960,24.984,80.0,88.139,15.0,12.587
52320,13.0,31.963,24.985,80.0,88.180,15.0,12.594
52380,13.0,31.965,24.986,80.0,88.220,15.0,12.600
52440,13.0,31.968,24.987,80.0,88.260,15.0,12.607
52500,13.0,31.970,24.988,80.0,88.300,15.0,12.614
52560,13.0,31.973,24.989,80.0,88.340,15.0,12.622
52620,13.0,31.975,24.990,80.0,88.378,15.0,12.629
52680,13.0,31.977,24.991,80.0,88.417,15.0,12.637
52740,13.0,31.979,24.992,80.0,88.455,15.0,12.645
52800,13.0,31.981,24.992,80.0,88.492,15.0,12.654
52860,13.0,31.983,24.993,80.0,88.529,15.0,12.663
52920,13.0,31.985,24.994,80.0,88.566,15.0,12.672
52980,13.0,31.986,24.995,80.0,88.602,15.0,12.681
53040,13.0,31.988,24.995,80.0,88.638,15.0,12.690
53100,13.0,31.989,24.996,80.0,88.673,15.0,12.700
53160,13.0,31.991,24.996,80.0,88.708,15.0,12.709
53220,13.0,31.992,24.997,80.0,88.742,15.0,12.719
53280,13.0,31.993,24.997,80.0,88.776,15.0,12.729
53340,13.0,31.994,24.998,80.0,88.810,15.0,12.740
53400,13.0,31.995,24.998,80.0,88.843,15.0,12.750
53460,13.0,31.996,24.998,80.0,88.875,15.0,12.760
53520,13.0,31.997,24.999,80.0,88.908,15.0,12.771
53580,13.0,31.998,24.999,80.0,88.939,15.0,12.782
53640,13.0,31.998,24.999,80.0,88.970,15.0,12.793
53700,13.0,31.999,25.000,80.0,89.001,15.0,12.803
53760,13.0,31.999,25.000,80.0,89.032,15.0,12.814
53820,13.0,32.000,25.000,80.0,89.061,15.0,12.825
53880,13.0,32.000,25.000,80.0,89.091,15.0,12.836
53940,13.0,32.000,25.000,80.0,89.120,15.0,12.847
54000,13.0,32.000,25.000,80.0,89.148,15.0,12.859
54060,13.0,32.000,25.000,80.0,89.176,15.0,12.870
54120,13.0,32.000,25.000,80.0,89.204,15.0,12.881
54180,13.0,32.000,25.000,80.0,89.231,15.0,12.892
54240,13.0,31.999,25.000,80.0,89.257,15.0,12.903
54300,13.0,31.999,25.000,80.0,89.284,15.0,12.914
54360,13.0,31.998,24.999,80.0,89.309,15.0,12.925
54420,13.0,31.998,24.999,80.0,89.334,15.0,12.936
54480,13.0,31.997,24.999,80.0,89.359,15.0,12.946
54540,13.0,31.996,24.998,80.0,89.384,15.0,12.957
54600,13.0,31.995,24.998,80.0,89.407,15.0,12.967
54660,13.0,31.994,24.998,80.0,89.431,15.0,12.978
54720,13.0,31.993,24.997,80.0,89.454,15.0,12.988
54780,13.0,31.992,24.997,80.0,89.476,15.0,12.998
54840,13.0,31.991,24.996,80.0,89.498,15.0,13.008
54900,13.0,31.989,24.996,80.0,89.520,15.0,13.018
54960,13.0,31.988,24.995,80.0,89.541,15.0,13.028
55020,13.0,31.986,24.995,80.0,89.561,15.0,13.037
55080,13.0,31.985,24.994,80.0,89.581,15.0,13.046
55140,13.0,31.983,24.993,80.0,89.601,15.0,13.055
55200,13.0,31.981,24.992,80.0,89.620,15.0,13.064
55260,13.0,31.979,24.992,80.0,89.639,15.0,13.073
55320,13.0,31.977,24.991,80.0,89.657,15.0,13.081
55380,13.0,31.975,24.990,80.0,89.675,15.0,13.089
55440,13.0,31.973,24.989,80.0,89.692,15.0,13.097
55500,13.0,31.970,24.988,80.0,89.709,15.0,13.105
55560,13.0,31.968,24.987,80.0,89.725,15.0,13.112
55620,13.0,31.965,24.986,80.0,89.741,15.0,13.119
55680,13.0,31.963,24.985,80.0,89.757,15.0,13.126
55740,13.0,31.960,24.984,80.0,89.772,15.0,13.132
55800,13.0,31.957,24.983,80.0,89.786,15.0,13.138
55860,13.0,31.954,24.982,80.0,89.800,15.0,13.144
55920,13.0,31.951,24.981,80.0,89.814,15.0,13.149
55980,13.0,31.948,24.979,80.0,89.827,15.0,13.154
56040,13.0,31.945,24.978,80.0,89.839,15.0,13.159
56100,13.0,31.942,24.977,80.0,89.851,15.0,13.164
56160,13.0,31.938,24.975,80.0,89.863,15.0,13.168
56220,13.0,31.935,24.974,80.0,89.874,15.0,13.172
56280,13.0,31.931,24.973,80.0,89.885,15.0,13.175
56340,13.0,31.928,24.971,80.0,89.895,15.0,13.178
56400,13.0,31.924,24.970,80.0,89.905,15.0,13.181
56460,13.0,31.920,24.968,80.0,89.914,15.0,13.183
56520,13.0,31.916,24.967,80.0,89.923,15.0,13.185
56580,13.0,31.912,24.965,80.0,89.931,15.0,13.187
56640,13.0,31.908,24.963,80.0,89.939,15.0,13.188
56700,13.0,31.904,24.962,80.0,89.946,15.0,13.189
56760,13.0,31.900,24.960,80.0,89.953,15.0,13.189
56820,13.0,31.895,24.958,80.0,89.960,15.0,13.190
56880,13.0,31.891,24.956,80.0,89.966,15.0,13.189
56940,13.0,31.886,24.954,80.0,89.971,15.0,13.189
57000,13.0,31.881,24.953,80.0,89.976,15.0,13.188
57060,13.0,31.877,24.951,80.0,89.981,15.0,13.187
57120,13.0,31.872,24.949,80.0,89.985,15.0,13.185
57180,13.0,31.867,24.947,80.0,89.988,15.0,13.183
57240,13.0,31.862,24.945,80.0,89.991,15.0,13.181
57300,13.0,31.857,24.943,80.0,89.994,15.0,13.178
57360,13.0,31.851,24.941,80.0,89.996,15.0,13.175
57420,13.0,31.846,24.938,80.0,89.998,15.0,13.172
57480,13.0,31.841,24.936,80.0,89.999,15.0,13.168
57540,13.0,31.835,24.934,80.0,90.000,15.0,13.164
57600,13.0,31.830,24.932,80.0,90.000,15.0,13.160
57660,13.0,31.824,24.930,80.0,90.000,15.0,13.155
57720,13.0,31.818,24.927,80.0,89.999,15.0,13.150
57780,13.0,31.812,24.925,80.0,89.998,15.0,13.145
57840,13.0,31.806,24.923,80.0,89.996,15.0,13.139
57900,13.0,31.800,24.920,80.0,89.994,15.0,13.134
57960,13.0,31.794,24.918,80.0,89.991,15.0,13.128
58020,13.0,31.788,24.915,80.0,89.988,15.0,13.121
58080,13.0,31.782,24.913,80.0,89.985,15.0,13.115
58140,13.0,31.775,24.910,80.0,89.981,15.0,13.108
58200,13.0,31.769,24.907,80.0,89.976,15.0,13.100
58260,13.0,31.762,24.905,80.0,89.971,15.0,13.093
58320,13.0,31.755,24.902,80.0,89.966,15.0,13.086
58380,13.0,31.748,24.899,80.0,89.960,15.0,13.078
58440,13.0,31.742,24.897,80.0,89.953,15.0,13.070
58500,13.0,31.735,24.894,80.0,89.946,15.0,13.062
58560,13.0,31.728,24.891,80.0,89.939,15.0,13.053
58620,13.0,31.720,24.888,80.0,89.931,15.0,13.045
58680,13.0,31.713,24.885,80.0,89.923,15.0,13.036
58740,13.0,31.706,24.882,80.0,89.914,15.0,13.027
58800,13.0,31.698,24.879,80.0,89.905,15.0,13.018
58860,13.0,31.691,24.876,80.0,89.895,15.0,13.009
58920,13.0,31.683,24.873,80.0,89.885,15.0,13.000
58980,13.0,31.676,24.870,80.0,89.874,15.0,12.990
59040,13.0,31.668,24.867,80.0,89.863,15.0,12.981
59100,13.0,31.660,24.864,80.0,89.851,15.0,12.972
59160,13.0,31.652,24.861,80.0,89.839,15.0,12.962
59220,13.0,31.644,24.858,80.0,89.827,15.0,12.952
59280,13.0,31.636,24.854,80.0,89.814,15.0,12.943
59340,13.0,31.628,24.851,80.0,89.800,15.0,12.933
59400,13.0,31.619,24.848,80.0,89.786,15.0,12.923
59460,13.0,31.611,24.844,80.0,89.772,15.0,12.914
59520,13.0,31.603,24.841,80.0,89.757,15.0,12.904
59580,13.0,31.594,24.838,80.0,89.741,15.0,12.895
59640,13.0,31.585,24.834,80.0,89.725,15.0,12.885
59700,13.0,31.577,24.831,80.0,89.709,15.0,12.875
59760,13.0,31.568,24.827,80.0,89.692,15.0,12.866
59820,13.0,31.559,24.824,80.0,89.675,15.0,12.857
59880,13.0,31.550,24.820,80.0,89.657,15.0,12.847
59940,13.0,31.541,24.816,80.0,89.639,15.0,12.838
60000,13.0,31.532,24.813,80.0,89.620,15.0,12.829
60060,13.0,31.522,24.809,80.0,89.601,15.0,12.820
60120,13.0,31.513,24.805,80.0,89.581,15.0,12.811
60180,13.0,31.503,24.801,80.0,89.561,15.0,12.803
60240,13.0,31.494,24.798,80.0,89.541,15.0,12.794
60300,13.0,31.484,24.794,80.0,89.520,15.0,12.786
60360,13.0,31.475,24.790,80.0,89.498,15.0,12.778
60420,13.0,31.465,24.786,80.0,89.476,15.0,12.770
60480,13.0,31.455,24.782,80.0,89.454,15.0,12.762
60540,13.0,31.445,24.778,80.0,89.431,15.0,12.754
60600,13.0,31.435,24.774,80.0,89.407,15.0,12.747
60660,13.0,31.425,24.770,80.0,89.384,15.0,12.740
60720,13.0,31.415,24.766,80.0,89.359,15.0,12.733
60780,13.0,31.404,24.762,80.0,89.334,15.0,12.727
60840,13.0,31.394,24.758,80.0,89.309,15.0,12.720
60900,13.0,31.384,24.753,80.0,89.284,15.0,12.714
60960,13.0,31.373,24.749,80.0,89.257,15.0,12.708
61020,13.0,31.362,24.745,80.0,89.231,15.0,12.703
61080,13.0,31.352,24.741,80.0,89.204,15.0,12.698
61140,13.0,31.341,24.736,80.0,89.176,15.0,12.693
61200,13.0,31.330,24.732,80.0,89.148,15.0,12.688
61260,13.0,31.319,24.728,80.0,89.120,15.0,12.684
61320,13.0,31.308,24.723,80.0,89.091,15.0,12.680
61380,13.0,31.297,24.719,80.0,89.061,15.0,12.677
61440,13.0,31.286,24.714,80.0,89.032,15.0,12.673
61500,13.0,31.275,24.710,80.0,89.001,15.0,12.671
61560,13.0,31.263,24.705,80.0,88.970,15.0,12.668
61620,13.0,31.252,24.701,80.0,88.939,15.0,12.666
61680,13.0,31.240,24.696,80.0,88.908,15.0,12.664
61740,13.0,31.229,24.691,80.0,88.875,15.0,12.662
61800,13.0,31.217,24.687,80.0,88.843,15.0,12.661
61860,13.0,31.205,24.682,80.0,88.810,15.0,12.660
61920,13.0,31.193,24.677,80.0,88.776,15.0,12.660
61980,13.0,31.181,24.673,80.0,88.742,15.0,12.660
62040,13.0,31.169,24.668,80.0,88.708,15.0,12.660
62100,13.0,31.157,24.663,80.0,88.673,15.0,12.661
62160,13.0,31.145,24.658,80.0,88.638,15.0,12.662
62220,13.0,31.133,24.653,80.0,88.602,15.0,12.663
62280,13.0,31.121,24.648,80.0,88.566,15.0,12.665
62340,13.0,31.108,24.643,80.0,88.529,15.0,12.667
62400,13.0,31.096,24.638,80.0,88.492,15.0,12.670
62460,13.0,31.083,24.633,80.0,88.455,15.0,12.673
62520,13.0,31.071,24.628,80.0,88.417,15.0,12.676
62580,13.0,31.058,24.623,80.0,88.378,15.0,12.679
62640,13.0,31.045,24.618,80.0,88.340,15.0,12.683
62700,13.0,31.032,24.613,80.0,88.300,15.0,12.688
62760,13.0,31.019,24.608,80.0,88.260,15.0,12.692
62820,13.0,31.006,24.603,80.0,88.220,15.0,12.697
62880,13.0,30.993,24.597,80.0,88.180,15.0,12.703
62940,13.0,30.980,24.592,80.0,88.139,15.0,12.708
63000,13.0,30.967,24.587,80.0,88.097,15.0,12.714
63060,13.0,30.953,24.581,80.0,88.055,15.0,12.720
63120,13.0,30.940,24.576,80.0,88.013,15.0,12.727
63180,13.0,30.927,24.571,80.0,87.970,15.0,12.734
63240,13.0,30.913,24.565,80.0,87.927,15.0,12.741
63300,13.0,30.899,24.560,80.0,87.883,15.0,12.748
63360,13.0,30.886,24.554,80.0,87.839,15.0,12.756
63420,13.0,30.872,24.549,80.0,87.794,15.0,12.764
63480,13.0,30.858,24.543,80.0,87.749,15.0,12.772
63540,13.0,30.844,24.538,80.0,87.704,15.0,12.781
63600,13.0,30.830,24.532,80.0,87.658,15.0,12.790
63660,13.0,30.816,24.526,80.0,87.611,15.0,12.799
63720,13.0,30.802,24.521,80.0,87.565,15.0,12.808
63780,13.0,30.788,24.515,80.0,87.517,15.0,12.817
63840,13.0,30.774,24.509,80.0,87.470,15.0,12.827
63900,13.0,30.759,24.504,80.0,87.422,15.0,12.837
63960,13.0,30.745,24.498,80.0,87.373,15.0,12.847
64020,13.0,30.730,24.492,80.0,87.324,15.0,12.857
64080,13.0,30.716,24.486,80.0,87.275,15.0,12.868
64140,13.0,30.701,24.480,80.0,87.225,15.0,12.878
64200,13.0,30.686,24.475,80.0,87.175,15.0,12.889
64260,13.0,30.672,24.469,80.0,87.125,15.0,12.899
64320,13.0,30.657,24.463,80.0,87.074,15.0,12.910
64380,13.0,30.642,24.457,80.0,87.022,15.0,12.921
64440,13.0,30.627,24.451,80.0,86.970,15.0,12.932
64500,13.0,30.612,24.445,80.0,86.918,15.0,12.944
64560,13.0,30.597,24.439,80.0,86.865,15.0,12.955
64620,13.0,30.582,24.433,80.0,86.812,15.0,12.966
64680,13.0,30.566,24.427,80.0,86.759,15.0,12.977
64740,13.0,30.551,24.420,80.0,86.705,15.0,12.989
64800,16.0,30.536,24.414,40.0,86.651,15.0,16.000
64860,16.0,30.520,24.408,40.0,86.596,15.0,16.011
64920,16.0,30.505,24.402,40.0,86.541,15.0,16.023
64980,16.0,30.489,24.396,40.0,86.485,15.0,16.034
65040,16.0,30.473,24.389,40.0,86.429,15.0,16.045
65100,16.0,30.458,24.383,40.0,86.373,15.0,16.056
65160,16.0,30.442,24.377,40.0,86.316,15.0,16.068
65220,16.0,30.426,24.370,40.0,86.259,15.0,16.079
65280,16.0,30.410,24.364,40.0,86.201,15.0,16.090
65340,16.0,30.394,24.358,40.0,86.143,15.0,16.101
65400,16.0,30.378,24.351,40.0,86.085,15.0,16.111
65460,16.0,30.362,24.345,40.0,86.026,15.0,16.122
65520,16.0,30.346,24.338,40.0,85.967,15.0,16.132
65580,16.0,30.329,24.332,40.0,85.907,15.0,16.143
65640,16.0,30.313,24.325,40.0,85.847,15.0,16.153
65700,16.0,30.297,24.319,40.0,85.787,15.0,16.163
65760,16.0,30.280,24.312,40.0,85.726,15.0,16.173
65820,16.0,30.264,24.306,40.0,85.665,15.0,16.183
65880,16.0,30.247,24.299,40.0,85.603,15.0,16.192
65940,16.0,30.231,24.292,40.0,85.541,15.0,16.201
66000,16.0,30.214,24.286,40.0,85.479,15.0,16.210
66060,16.0,30.197,24.279,40.0,85.416,15.0,16.219
66120,16.0,30.180,24.272,40.0,85.353,15.0,16.228
66180,16.0,30.164,24.265,40.0,85.289,15.0,16.236
66240,16.0,30.147,24.259,40.0,85.225,15.0,16.244
66300,16.0,30.130,24.252,40.0,85.161,15.0,16.252
66360,16.0,30.113,24.245,40.0,85.096,15.0,16.259
66420,16.0,30.095,24.238,40.0,85.031,15.0,16.266
66480,16.0,30.078,24.231,40.0,84.966,15.0,16.273
66540,16.0,30.061,24.224,40.0,84.900,15.0,16.280
66600,16.0,30.044,24.218,40.0,84.834,15.0,16.286
66660,16.0,30.026,24.211,40.0,84.767,15.0,16.292
66720,16.0,30.009,24.204,40.0,84.700,15.0,16.297
66780,16.0,29.992,24.197,40.0,84.633,15.0,16.303
66840,16.0,29.974,24.190,40.0,84.565,15.0,16.308
66900,16.0,29.957,24.183,40.0,84.497,15.0,16.312
66960,16.0,29.939,24.176,40.0,84.429,15.0,16.317
67020,16.0,29.921,24.168,40.0,84.360,15.0,16.321
67080,16.0,29.904,24.161,40.0,84.291,15.0,16.324
67140,16.0,29.886,24.154,40.0,84.221,15.0,16.327
67200,16.0,29.868,24.147,40.0,84.151,15.0,16.330
67260,16.0,29.850,24.140,40.0,84.081,15.0,16.333
67320,16.0,29.832,24.133,40.0,84.010,15.0,16.335
67380,16.0,29.814,24.126,40.0,83.939,15.0,16.337
67440,16.0,29.796,24.118,40.0,83.868,15.0,16.338
67500,16.0,29.778,24.111,40.0,83.796,15.0,16.339
67560,16.0,29.760,24.104,40.0,83.724,15.0,16.340
67620,16.0,29.741,24.097,40.0,83.651,15.0,16.340
67680,16.0,29.723,24.089,40.0,83.579,15.0,16.340
67740,16.0,29.705,24.082,40.0,83.505,15.0,16.340
67800,16.0,29.686,24.075,40.0,83.432,15.0,16.339
67860,16.0,29.668,24.067,40.0,83.358,15.0,16.338
67920,16.0,29.650,24.060,40.0,83.284,15.0,16.336
67980,16.0,29.631,24.052,40.0,83.209,15.0,16.334
68040,16.0,29.612,24.045,40.0,83.134,15.0,16.332
68100,16.0,29.594,24.038,40.0,83.059,15.0,16.329
68160,16.0,29.575,24.030,40.0,82.983,15.0,16.327
68220,16.0,29.556,24.023,40.0,82.908,15.0,16.323
68280,16.0,29.538,24.015,40.0,82.831,15.0,16.320
68340,16.0,29.519,24.008,40.0,82.755,15.0,16.316
68400,16.0,29.500,24.000,40.0,82.678,15.0,16.312
68460,16.0,29.481,23.992,40.0,82.600,15.0,16.307
68520,16.0,29.462,23.985,40.0,82.523,15.0,16.302
68580,16.0,29.443,23.977,40.0,82.445,15.0,16.297
68640,16.0,29.424,23.970,40.0,82.366,15.0,16.292
68700,16.0,29.405,23.962,40.0,82.288,15.0,16.286
68760,16.0,29.386,23.954,40.0,82.209,15.0,16.280
68820,16.0,29.367,23.947,40.0,82.130,15.0,16.273
68880,16.0,29.347,23.939,40.0,82.050,15.0,16.267
68940,16.0,29.328,23.931,40.0,81.970,15.0,16.260
69000,16.0,29.309,23.923,40.0,81.890,15.0,16.253
69060,16.0,29.289,23.916,40.0,81.809,15.0,16.246
69120,16.0,29.270,23.908,40.0,81.728,15.0,16.238
69180,16.0,29.250,23.900,40.0,81.647,15.0,16.230
69240,16.0,29.231,23.892,40.0,81.566,15.0,16.222
69300,16.0,29.211,23.885,40.0,81.484,15.0,16.214
69360,16.0,29.192,23.877,40.0,81.401,15.0,16.206
69420,16.0,29.172,23.869,40.0,81.319,15.0,16.197
69480,16.0,29.153,23.861,40.0,81.236,15.0,16.189
69540,16.0,29.133,23.853,40.0,81.153,15.0,16.180
69600,16.0,29.113,23.845,40.0,81.070,15.0,16.171
69660,16.0,29.093,23.837,40.0,80.986,15.0,16.162
69720,16.0,29.073,23.829,40.0,80.902,15.0,16.153
69780,16.0,29.054,23.821,40.0,80.818,15.0,16.143
69840,16.0,29.034,23.813,40.0,80.733,15.0,16.134
69900,16.0,29.014,23.805,40.0,80.648,15.0,16.125
69960,16.0,28.994,23.797,40.0,80.563,15.0,16.115
70020,16.0,28.974,23.789,40.0,80.477,15.0,16.105
70080,16.0,28.954,23.781,40.0,80.392,15.0,16.096
70140,16.0,28.934,23.773,40.0,80.305,15.0,16.086
70200,16.0,28.913,23.765,40.0,80.219,15.0,16.077
70260,16.0,28.893,23.757,40.0,80.132,15.0,16.067
70320,16.0,28.873,23.749,40.0,80.045,15.0,16.057
70380,16.0,28.853,23.741,40.0,79.958,15.0,16.048
70440,16.0,28.833,23.733,40.0,79.871,15.0,16.038
70500,16.0,28.812,23.725,40.0,79.783,15.0,16.028
70560,16.0,28.792,23.717,40.0,79.695,15.0,16.019
70620,16.0,28.771,23.709,40.0,79.606,15.0,16.010
70680,16.0,28.751,23.700,40.0,79.518,15.0,16.000
70740,16.0,28.731,23.692,40.0,79.429,15.0,15.991
70800,16.0,28.710,23.684,40.0,79.339,15.0,15.982
70860,16.0,28.690,23.676,40.0,79.250,15.0,15.973
70920,16.0,28.669,23.668,40.0,79.160,15.0,15.964
70980,16.0,28.648,23.659,40.0,79.070,15.0,15.955
71040,16.0,28.628,23.651,40.0,78.980,15.0,15.947
71100,16.0,28.607,23.643,40.0,78.889,15.0,15.938
71160,16.0,28.587,23.635,40.0,78.798,15.0,15.930
71220,16.0,28.566,23.626,40.0,78.707,15.0,15.922
71280,16.0,28.545,23.618,40.0,78.616,15.0,15.914
71340,16.0,28.524,23.610,40.0,78.524,15.0,15.907
71400,16.0,28.504,23.601,40.0,78.432,15.0,15.900
71460,16.0,28.483,23.593,40.0,78.340,15.0,15.892
71520,16.0,28.462,23.585,40.0,78.248,15.0,15.885
71580,16.0,28.441,23.576,40.0,78.155,15.0,15.879
71640,16.0,28.420,23.568,40.0,78.062,15.0,15.872
71700,16.0,28.399,23.560,40.0,77.969,15.0,15.866
71760,16.0,28.378,23.551,40.0,77.876,15.0,15.861
71820,16.0,28.357,23.543,40.0,77.782,15.0,15.855
71880,16.0,28.336,23.534,40.0,77.688,15.0,15.850
71940,16.0,28.315,23.526,40.0,77.594,15.0,15.845
72000,16.0,28.294,23.518,40.0,77.500,15.0,15.840
72060,16.0,28.273,23.509,40.0,77.405,15.0,15.836
72120,16.0,28.252,23.501,40.0,77.311,15.0,15.832
72180,16.0,28.231,23.492,40.0,77.216,15.0,15.828
72240,16.0,28.210,23.484,40.0,77.120,15.0,15.825
72300,16.0,28.188,23.475,40.0,77.025,15.0,15.822
72360,16.0,28.167,23.467,40.0,76.929,15.0,15.819
72420,16.0,28.146,23.458,40.0,76.833,15.0,15.817
72480,16.0,28.125,23.450,40.0,76.737,15.0,15.815
72540,16.0,28.103,23.441,40.0,76.640,15.0,15.813
72600,16.0,28.082,23.433,40.0,76.544,15.0,15.812
72660,16.0,28.061,23.424,40.0,76.447,15.0,15.811
72720,16.0,28.040,23.416,40.0,76.350,15.0,15.811
72780,16.0,28.018,23.407,40.0,76.252,15.0,15.810
72840,16.0,27.997,23.399,40.0,76.155,15.0,15.811
72900,16.0,27.975,23.390,40.0,76.057,15.0,15.811
72960,16.0,27.954,23.382,40.0,75.959,15.0,15.812
73020,16.0,27.933,23.373,40.0,75.861,15.0,15.813
73080,16.0,27.911,23.364,40.0,75.763,15.0,15.815
73140,16.0,27.890,23.356,40.0,75.664,15.0,15.817
73200,16.0,27.868,23.347,40.0,75.565,15.0,15.819
73260,16.0,27.847,23.339,40.0,75.466,15.0,15.822
73320,16.0,27.825,23.330,40.0,75.367,15.0,15.825
73380,16.0,27.804,23.321,40.0,75.268,15.0,15.828
73440,16.0,27.782,23.313,40.0,75.168,15.0,15.832
73500,16.0,27.761,23.304,40.0,75.069,15.0,15.836
73560,16.0,27.739,23.296,40.0,74.969,15.0,15.841
73620,16.0,27.717,23.287,40.0,74.869,15.0,15.846
73680,16.0,27.696,23.278,40.0,74.768,15.0,15.851
73740,16.0,27.674,23.270,40.0,74.668,15.0,15.856
73800,16.0,27.653,23.261,40.0,74.567,15.0,15.862
73860,16.0,27.631,23.252,40.0,74.466,15.0,15.868
73920,16.0,27.609,23.244,40.0,74.365,15.0,15.874
73980,16.0,27.588,23.235,40.0,74.264,15.0,15.881
74040,16.0,27.566,23.226,40.0,74.163,15.0,15.888
74100,16.0,27.544,23.218,40.0,74.061,15.0,15.895
74160,16.0,27.523,23.209,40.0,73.959,15.0,15.903
74220,16.0,27.501,23.200,40.0,73.857,15.0,15.911
74280,16.0,27.479,23.192,40.0,73.755,15.0,15.919
74340,16.0,27.458,23.183,40.0,73.653,15.0,15.927
74400,16.0,27.436,23.174,40.0,73.551,15.0,15.936
74460,16.0,27.414,23.166,40.0,73.448,15.0,15.945
74520,16.0,27.392,23.157,40.0,73.345,15.0,15.954
74580,16.0,27.371,23.148,40.0,73.242,15.0,15.963
74640,16.0,27.349,23.140,40.0,73.139,15.0,15.972
74700,16.0,27.327,23.131,40.0,73.036,15.0,15.982
74760,16.0,27.305,23.122,40.0,72.933,15.0,15.992
74820,16.0,27.283,23.113,40.0,72.829,15.0,16.002
74880,16.0,27.262,23.105,40.0,72.725,15.0,16.012
74940,16.0,27.240,23.096,40.0,72.622,15.0,16.022
75000,16.0,27.218,23.087,40.0,72.518,15.0,16.033
75060,16.0,27.196,23.079,40.0,72.414,15.0,16.043
75120,16.0,27.174,23.070,40.0,72.309,15.0,16.054
75180,16.0,27.153,23.061,40.0,72.205,15.0,16.064
75240,16.0,27.131,23.052,40.0,72.100,15.0,16.075
75300,16.0,27.109,23.044,40.0,71.996,15.0,16.086
75360,16.0,27.087,23.035,40.0,71.891,15.0,16.097
75420,16.0,27.065,23.026,40.0,71.786,15.0,16.108
75480,16.0,27.044,23.017,40.0,71.681,15.0,16.119
75540,16.0,27.022,23.009,40.0,71.576,15.0,16.130
75600,16.0,27.000,23.000,40.0,71.470,15.0,16.141
75660,16.0,26.978,22.991,40.0,71.365,15.0,16.153
75720,16.0,26.956,22.983,40.0,71.260,15.0,16.164
75780,16.0,26.935,22.974,40.0,71.154,15.0,16.175
75840,16.0,26.913,22.965,40.0,71.048,15.0,16.186
75900,16.0,26.891,22.956,40.0,70.942,15.0,16.197
75960,16.0,26.869,22.948,40.0,70.836,15.0,16.207
76020,16.0,26.847,22.939,40.0,70.730,15.0,16.218
76080,16.0,26.826,22.930,40.0,70.624,15.0,16.229
76140,16.0,26.804,22.921,40.0,70.517,15.0,16.240
76200,16.0,26.782,22.913,40.0,70.411,15.0,16.250
76260,16.0,26.760,22.904,40.0,70.304,15.0,16.260
76320,16.0,26.738,22.895,40.0,70.198,15.0,16.271
76380,16.0,26.717,22.887,40.0,70.091,15.0,16.281
76440,16.0,26.695,22.878,40.0,69.984,15.0,16.291
76500,16.0,26.673,22.869,40.0,69.877,15.0,16.300
76560,16.0,26.651,22.860,40.0,69.770,15.0,16.310
76620,16.0,26.629,22.852,40.0,69.663,15.0,16.319
76680,16.0,26.608,22.843,40.0,69.556,15.0,16.328
76740,16.0,26.586,22.834,40.0,69.449,15.0,16.337
76800,16.0,26.564,22.826,40.0,69.341,15.0,16.346
76860,16.0,26.542,22.817,40.0,69.234,15.0,16.355
76920,16.0,26.521,22.808,40.0,69.126,15.0,16.363
76980,16.0,26.499,22.800,40.0,69.019,15.0,16.371
77040,16.0,26.477,22.791,40.0,68.911,15.0,16.378
77100,16.0,26.456,22.782,40.0,68.803,15.0,16.386
77160,16.0,26.434,22.774,40.0,68.695,15.0,16.393
77220,16.0,26.412,22.765,40.0,68.587,15.0,16.400
77280,16.0,26.391,22.756,40.0,68.479,15.0,16.406
77340,16.0,26.369,22.748,40.0,68.371,15.0,16.413
77400,16.0,26.347,22.739,40.0,68.263,15.0,16.418
77460,16.0,26.326,22.730,40.0,68.155,15.0,16.424
77520,16.0,26.304,22.722,40.0,68.047,15.0,16.429
77580,16.0,26.283,22.713,40.0,67.938,15.0,16.434
77640,16.0,26.261,22.704,40.0,67.830,15.0,16.439
77700,16.0,26.239,22.696,40.0,67.722,15.0,16.443
77760,16.0,26.218,22.687,40.0,67.613,15.0,16.447
77820,16.0,26.196,22.679,40.0,67.505,15.0,16.451
77880,16.0,26.175,22.670,40.0,67.396,15.0,16.454
77940,16.0,26.153,22.661,40.0,67.288,15.0,16.457
78000,16.0,26.132,22.653,40.0,67.179,15.0,16.459
78060,16.0,26.110,22.644,40.0,67.070,15.0,16.461
78120,16.0,26.089,22.636,40.0,66.961,15.0,16.463
78180,16.0,26.067,22.627,40.0,66.853,15.0,16.465
78240,16.0,26.046,22.618,40.0,66.744,15.0,16.466
78300,16.0,26.025,22.610,40.0,66.635,15.0,16.466
78360,16.0,26.003,22.601,40.0,66.526,15.0,16.467
78420,16.0,25.982,22.593,40.0,66.417,15.0,16.467
78480,16.0,25.960,22.584,40.0,66.308,15.0,16.466
78540,16.0,25.939,22.576,40.0,66.199,15.0,16.465
78600,16.0,25.918,22.567,40.0,66.090,15.0,16.464
78660,16.0,25.897,22.559,40.0,65.981,15.0,16.463
78720,16.0,25.875,22.550,40.0,65.872,15.0,16.461
78780,16.0,25.854,22.542,40.0,65.763,15.0,16.458
78840,16.0,25.833,22.533,40.0,65.654,15.0,16.456
78900,16.0,25.812,22.525,40.0,65.545,15.0,16.453
78960,16.0,25.790,22.516,40.0,65.436,15.0,16.450
79020,16.0,25.769,22.508,40.0,65.327,15.0,16.446
79080,16.0,25.748,22.499,40.0,65.218,15.0,16.442
79140,16.0,25.727,22.491,40.0,65.109,15.0,16.438
79200,16.0,25.706,22.482,40.0,65.000,15.0,16.433
79260,16.0,25.685,22.474,40.0,64.891,15.0,16.428
79320,16.0,25.664,22.466,40.0,64.782,15.0,16.423
79380,16.0,25.643,22.457,40.0,64.673,15.0,16.417
79440,16.0,25.622,22.449,40.0,64.564,15.0,16.411
79500,16.0,25.601,22.440,40.0,64.455,15.0,16.405
79560,16.0,25.580,22.432,40.0,64.346,15.0,16.399
79620,16.0,25.559,22.424,40.0,64.237,15.0,16.392
79680,16.0,25.538,22.415,40.0,64.128,15.0,16.385
79740,16.0,25.517,22.407,40.0,64.019,15.0,16.378
79800,16.0,25.496,22.399,40.0,63.910,15.0,16.370
79860,16.0,25.476,22.390,40.0,63.801,15.0,16.363
79920,16.0,25.455,22.382,40.0,63.692,15.0,16.355
79980,16.0,25.434,22.374,40.0,63.583,15.0,16.346
80040,16.0,25.413,22.365,40.0,63.474,15.0,16.338
80100,16.0,25.393,22.357,40.0,63.365,15.0,16.329
80160,16.0,25.372,22.349,40.0,63.256,15.0,16.321
80220,16.0,25.352,22.341,40.0,63.147,15.0,16.312
80280,16.0,25.331,22.332,40.0,63.039,15.0,16.303
80340,16.0,25.310,22.324,40.0,62.930,15.0,16.293
80400,16.0,25.290,22.316,40.0,62.821,15.0,16.284
80460,16.0,25.269,22.308,40.0,62.712,15.0,16.274
80520,16.0,25.249,22.300,40.0,62.604,15.0,16.265
80580,16.0,25.229,22.291,40.0,62.495,15.0,16.255
80640,16.0,25.208,22.283,40.0,62.387,15.0,16.245
80700,16.0,25.188,22.275,40.0,62.278,15.0,16.235
80760,16.0,25.167,22.267,40.0,62.170,15.0,16.225
80820,16.0,25.147,22.259,40.0,62.062,15.0,16.215
80880,16.0,25.127,22.251,40.0,61.953,15.0,16.205
80940,16.0,25.107,22.243,40.0,61.845,15.0,16.195
81000,16.0,25.087,22.235,40.0,61.737,15.0,16.185
81060,16.0,25.066,22.227,40.0,61.629,15.0,16.175
81120,16.0,25.046,22.219,40.0,61.521,15.0,16.165
81180,16.0,25.026,22.211,40.0,61.413,15.0,16.154
81240,16.0,25.006,22.203,40.0,61.305,15.0,16.144
81300,16.0,24.986,22.195,40.0,61.197,15.0,16.134
81360,16.0,24.966,22.187,40.0,61.089,15.0,16.124
81420,16.0,24.946,22.179,40.0,60.981,15.0,16.114
81480,16.0,24.927,22.171,40.0,60.874,15.0,16.105
81540,16.0,24.907,22.163,40.0,60.766,15.0,16.095
81600,16.0,24.887,22.155,40.0,60.659,15.0,16.085
81660,16.0,24.867,22.147,40.0,60.551,15.0,16.076
81720,16.0,24.847,22.139,40.0,60.444,15.0,16.067
81780,16.0,24.828,22.131,40.0,60.337,15.0,16.057
81840,16.0,24.808,22.123,40.0,60.230,15.0,16.048
81900,16.0,24.789,22.115,40.0,60.123,15.0,16.039
81960,16.0,24.769,22.108,40.0,60.016,15.0,16.031
82020,16.0,24.750,22.100,40.0,59.909,15.0,16.022
82080,16.0,24.730,22.092,40.0,59.802,15.0,16.014
82140,16.0,24.711,22.084,40.0,59.696,15.0,16.006
82200,16.0,24.691,22.077,40.0,59.589,15.0,15.998
82260,16.0,24.672,22.069,40.0,59.483,15.0,15.990
82320,16.0,24.653,22.061,40.0,59.376,15.0,15.983
82380,16.0,24.633,22.053,40.0,59.270,15.0,15.976
82440,16.0,24.614,22.046,40.0,59.164,15.0,15.969
82500,16.0,24.595,22.038,40.0,59.058,15.0,15.962
82560,16.0,24.576,22.030,40.0,58.952,15.0,15.956
82620,16.0,24.557,22.023,40.0,58.846,15.0,15.950
82680,16.0,24.538,22.015,40.0,58.740,15.0,15.944
82740,16.0,24.519,22.008,40.0,58.635,15.0,15.939
82800,16.0,24.500,22.000,40.0,58.530,15.0,15.933
82860,16.0,24.481,21.992,40.0,58.424,15.0,15.929
82920,16.0,24.462,21.985,40.0,58.319,15.0,15.924
82980,16.0,24.444,21.977,40.0,58.214,15.0,15.920
83040,16.0,24.425,21.970,40.0,58.109,15.0,15.916
83100,16.0,24.406,21.962,40.0,58.004,15.0,15.912
83160,16.0,24.388,21.955,40.0,57.900,15.0,15.909
83220,16.0,24.369,21.948,40.0,57.795,15.0,15.906
83280,16.0,24.350,21.940,40.0,57.691,15.0,15.904
83340,16.0,24.332,21.933,40.0,57.586,15.0,15.902
83400,16.0,24.314,21.925,40.0,57.482,15.0,15.900
83460,16.0,24.295,21.918,40.0,57.378,15.0,15.898
83520,16.0,24.277,21.911,40.0,57.275,15.0,15.897
83580,16.0,24.259,21.903,40.0,57.171,15.0,15.897
83640,16.0,24.240,21.896,40.0,57.067,15.0,15.896
83700,16.0,24.222,21.889,40.0,56.964,15.0,15.896
83760,16.0,24.204,21.882,40.0,56.861,15.0,15.897
83820,16.0,24.186,21.874,40.0,56.758,15.0,15.897
83880,16.0,24.168,21.867,40.0,56.655,15.0,15.898
83940,16.0,24.150,21.860,40.0,56.552,15.0,15.900
84000,16.0,24.132,21.853,40.0,56.449,15.0,15.902
84060,16.0,24.114,21.846,40.0,56.347,15.0,15.904
84120,16.0,24.096,21.839,40.0,56.245,15.0,15.906
84180,16.0,24.079,21.832,40.0,56.143,15.0,15.909
84240,16.0,24.061,21.824,40.0,56.041,15.0,15.912
84300,16.0,24.043,21.817,40.0,55.939,15.0,15.916
84360,16.0,24.026,21.810,40.0,55.837,15.0,15.920
84420,16.0,24.008,21.803,40.0,55.736,15.0,15.924
84480,16.0,23.991,21.796,40.0,55.635,15.0,15.928
84540,16.0,23.974,21.789,40.0,55.534,15.0,15.933
84600,16.0,23.956,21.782,40.0,55.433,15.0,15.938
84660,16.0,23.939,21.776,40.0,55.332,15.0,15.944
84720,16.0,23.922,21.769,40.0,55.232,15.0,15.950
84780,16.0,23.905,21.762,40.0,55.131,15.0,15.956
84840,16.0,23.887,21.755,40.0,55.031,15.0,15.962
84900,16.0,23.870,21.748,40.0,54.931,15.0,15.969
84960,16.0,23.853,21.741,40.0,54.832,15.0,15.976
85020,16.0,23.836,21.735,40.0,54.732,15.0,15.983
85080,16.0,23.820,21.728,40.0,54.633,15.0,15.991
85140,16.0,23.803,21.721,40.0,54.534,15.0,15.998
85200,16.0,23.786,21.714,40.0,54.435,15.0,16.006
85260,16.0,23.769,21.708,40.0,54.336,15.0,16.015
85320,16.0,23.753,21.701,40.0,54.237,15.0,16.023
85380,16.0,23.736,21.694,40.0,54.139,15.0,16.032
85440,16.0,23.720,21.688,40.0,54.041,15.0,16.041
85500,16.0,23.703,21.681,40.0,53.943,15.0,16.050
85560,16.0,23.687,21.675,40.0,53.845,15.0,16.059
85620,16.0,23.671,21.668,40.0,53.748,15.0,16.068
85680,16.0,23.654,21.662,40.0,53.650,15.0,16.078
85740,16.0,23.638,21.655,40.0,53.553,15.0,16.087
85800,16.0,23.622,21.649,40.0,53.456,15.0,16.097
85860,16.0,23.606,21.642,40.0,53.360,15.0,16.107
85920,16.0,23.590,21.636,40.0,53.263,15.0,16.117
85980,16.0,23.574,21.630,40.0,53.167,15.0,16.127
86040,16.0,23.558,21.623,40.0,53.071,15.0,16.138
86100,16.0,23.542,21.617,40.0,52.975,15.0,16.148
86160,16.0,23.527,21.611,40.0,52.880,15.0,16.158
86220,16.0,23.511,21.604,40.0,52.784,15.0,16.169
86280,16.0,23.495,21.598,40.0,52.689,15.0,16.179
86340,16.0,23.480,21.592,40.0,52.595,15.0,16.190
86400,16.0,23.464,21.586,40.0,52.500,15.0,16.200
