timestamp,outdoor_temp_c,people_heat_gain_w,lighting_heat_gain_w,equipment_heat_gain_w,discharge_air_temp_c,supply_airflow_m3_s,zone_temp_c
0,23.4645,150.0,150.0,200.0,16.0,0.24,22.9782
60,23.4491,150.0,150.0,200.0,16.0,0.2379,22.9601
120,23.4337,150.0,150.0,200.0,16.0,0.235833,22.945
180,23.4185,150.0,150.0,200.0,16.0,0.233799,22.9527
240,23.4033,150.0,150.0,200.0,16.0,0.231796,22.9114
300,23.3882,150.0,150.0,200.0,16.0,0.229825,22.8541
360,23.3731,150.0,150.0,200.0,16.0,0.227884,22.8931
420,23.3581,150.0,150.0,200.0,16.0,0.225974,22.8594
480,23.3432,150.0,150.0,200.0,16.0,0.224093,22.8455
540,23.3284,150.0,150.0,200.0,16.0,0.22224,22.8403
600,23.3136,150.0,150.0,200.0,16.0,0.220416,22.8288
660,23.2989,150.0,150.0,200.0,16.0,0.218619,22.842
720,23.2843,150.0,150.0,200.0,16.0,0.21685,22.8123
780,23.2697,150.0,150.0,200.0,16.0,0.215107,22.7816
840,23.2552,150.0,150.0,200.0,16.0,0.21339,22.742
900,23.2408,150.0,150.0,200.0,16.0,0.211698,22.7198
960,23.2265,150.0,150.0,200.0,16.0,0.210032,22.744
1020,23.2122,150.0,150.0,200.0,16.0,0.20839,22.7624
1080,23.198,150.0,150.0,200.0,16.0,0.206773,22.7111
1140,23.1838,150.0,150.0,200.0,16.0,0.205179,22.6935
1200,23.1698,150.0,150.0,200.0,16.0,0.203608,22.6998
1260,23.1558,150.0,150.0,200.0,16.0,0.20206,22.6275
1320,23.1419,150.0,150.0,200.0,16.0,0.200534,22.6492
1380,23.128,150.0,150.0,200.0,16.0,0.19903,22.6609
1440,23.1143,150.0,150.0,200.0,16.0,0.197548,22.6603
1500,23.1006,150.0,150.0,200.0,16.0,0.196086,22.6148
1560,23.087,150.0,150.0,200.0,16.0,0.194646,22.6215
1620,23.0734,150.0,150.0,200.0,16.0,0.193226,22.606
1680,23.0599,150.0,150.0,200.0,16.0,0.191825,22.6105
1740,23.0466,150.0,150.0,200.0,16.0,0.190445,22.5423
1800,23.0332,150.0,150.0,200.0,16.0,0.189083,22.5816
1860,23.02,150.0,150.0,200.0,16.0,0.18774,22.508
1920,23.0068,150.0,150.0,200.0,16.0,0.186416,22.464
1980,22.9937,150.0,150.0,200.0,16.0,0.185111,22.5136
2040,22.9807,150.0,150.0,200.0,16.0,0.183823,22.4938
2100,22.9678,150.0,150.0,200.0,16.0,0.182552,22.5371
2160,22.9549,150.0,150.0,200.0,16.0,0.181299,22.5205
2220,22.9421,150.0,150.0,200.0,16.0,0.180063,22.4538
2280,22.9294,150.0,150.0,200.0,16.0,0.18,22.5057
2340,22.9168,150.0,150.0,200.0,16.0,0.18,22.4401
2400,22.9042,150.0,150.0,200.0,16.0,0.18,22.4574
2460,22.8918,150.0,150.0,200.0,16.0,0.18,22.4411
2520,22.8794,150.0,150.0,200.0,16.0,0.18,22.4434
2580,22.8671,150.0,150.0,200.0,16.0,0.18,22.4545
2640,22.8548,150.0,150.0,200.0,16.0,0.18,22.439
2700,22.8427,150.0,150.0,200.0,16.0,0.18,22.4204
2760,22.8306,150.0,150.0,200.0,16.0,0.18,22.4195
2820,22.8186,150.0,150.0,200.0,16.0,0.18,22.4044
2880,22.8066,150.0,150.0,200.0,16.0,0.18,22.3613
2940,22.7948,150.0,150.0,200.0,16.0,0.18,22.3487
3000,22.783,150.0,150.0,200.0,16.0,0.18,22.3463
3060,22.7714,150.0,150.0,200.0,16.0,0.18,22.3655
3120,22.7598,150.0,150.0,200.0,16.0,0.18,22.3332
3180,22.7482,150.0,150.0,200.0,16.0,0.18,22.401
3240,22.7368,150.0,150.0,200.0,16.0,0.18,22.2965
3300,22.7254,150.0,150.0,200.0,16.0,0.18,22.2784
3360,22.7142,150.0,150.0,200.0,16.0,0.18,22.3247
3420,22.703,150.0,150.0,200.0,16.0,0.18,22.3346
3480,22.6919,150.0,150.0,200.0,16.0,0.18,22.2974
3540,22.6808,150.0,150.0,200.0,16.0,0.18,22.2976
3600,22.6699,150.0,150.0,200.0,16.0,0.18,22.3057
3660,22.659,150.0,150.0,200.0,16.0,0.18,22.2505
3720,22.6482,150.0,150.0,200.0,16.0,0.18,22.201
3780,22.6375,150.0,150.0,200.0,16.0,0.18,22.2182
3840,22.6269,150.0,150.0,200.0,16.0,0.18,22.2532
3900,22.6164,150.0,150.0,200.0,16.0,0.18,22.1717
3960,22.6059,150.0,150.0,200.0,16.0,0.18,22.2066
4020,22.5955,150.0,150.0,200.0,16.0,0.18,22.2037
4080,22.5853,150.0,150.0,200.0,16.0,0.18,22.1772
4140,22.5751,150.0,150.0,200.0,16.0,0.18,22.1989
4200,22.5649,150.0,150.0,200.0,16.0,0.18,22.1852
4260,22.5549,150.0,150.0,200.0,16.0,0.18,22.228
4320,22.545,150.0,150.0,200.0,16.0,0.18,22.1676
4380,22.5351,150.0,150.0,200.0,16.0,0.18,22.1214
4440,22.5253,150.0,150.0,200.0,16.0,0.18,22.1135
4500,22.5156,150.0,150.0,200.0,16.0,0.18,22.0961
4560,22.506,150.0,150.0,200.0,16.0,0.18,22.1404
4620,22.4965,150.0,150.0,200.0,16.0,0.18,22.0856
4680,22.4871,150.0,150.0,200.0,16.0,0.18,22.0912
4740,22.4777,150.0,150.0,200.0,16.0,0.18,22.1066
4800,22.4685,150.0,150.0,200.0,16.0,0.18,22.0533
4860,22.4593,150.0,150.0,200.0,16.0,0.18,22.057
4920,22.4502,150.0,150.0,200.0,16.0,0.18,22.0015
4980,22.4412,150.0,150.0,200.0,16.0,0.18,22.0151
5040,22.4323,150.0,150.0,200.0,16.0,0.18,22.0215
5100,22.4234,150.0,150.0,200.0,16.0,0.18,22.0419
5160,22.4147,150.0,150.0,200.0,16.0,0.18,22.0563
5220,22.406,150.0,150.0,200.0,16.0,0.18,22.0109
5280,22.3975,150.0,150.0,200.0,16.0,0.18,22.0103
5340,22.389,150.0,150.0,200.0,16.0,0.18,21.9985
5400,22.3806,150.0,150.0,200.0,16.0,0.18,22.0171
5460,22.3723,150.0,150.0,200.0,16.0,0.18,22.0025
5520,22.3641,150.0,150.0,200.0,16.0,0.18,21.975
5580,22.356,150.0,150.0,200.0,16.0,0.18,21.9276
5640,22.3479,150.0,150.0,200.0,16.0,0.18,21.9762
5700,22.34,150.0,150.0,200.0,16.0,0.18,21.9517
5760,22.3321,150.0,150.0,200.0,16.0,0.18,21.9683
5820,22.3243,150.0,150.0,200.0,16.0,0.18,21.9218
5880,22.3166,150.0,150.0,200.0,16.0,0.18,21.9726
5940,22.309,150.0,150.0,200.0,16.0,0.18,21.8945
6000,22.3015,150.0,150.0,200.0,16.0,0.18,21.9444
6060,22.2941,150.0,150.0,200.0,16.0,0.18,21.8914
6120,22.2868,150.0,150.0,200.0,16.0,0.18,21.8638
6180,22.2796,150.0,150.0,200.0,16.0,0.18,21.8369
6240,22.2724,150.0,150.0,200.0,16.0,0.18,21.8576
6300,22.2653,150.0,150.0,200.0,16.0,0.18,21.8963
6360,22.2584,150.0,150.0,200.0,16.0,0.18,21.8695
6420,22.2515,150.0,150.0,200.0,16.0,0.18,21.8572
6480,22.2447,150.0,150.0,200.0,16.0,0.18,21.7568
6540,22.238,150.0,150.0,200.0,16.0,0.18,21.8409
6600,22.2314,150.0,150.0,200.0,16.0,0.18,21.8278
6660,22.2249,150.0,150.0,200.0,16.0,0.18,21.7862
6720,22.2185,150.0,150.0,200.0,16.0,0.18,21.7755
6780,22.2121,150.0,150.0,200.0,16.0,0.18,21.7859
6840,22.2059,150.0,150.0,200.0,16.0,0.18,21.8294
6900,22.1998,150.0,150.0,200.0,16.0,0.18,21.7377
6960,22.1937,150.0,150.0,200.0,16.0,0.18,21.7482
7020,22.1877,150.0,150.0,200.0,16.0,0.18,21.7937
7080,22.1818,150.0,150.0,200.0,16.0,0.18,21.7312
7140,22.1761,150.0,150.0,200.0,16.0,0.18,21.7255
7200,22.1704,150.0,150.0,200.0,16.0,0.18,21.7311
7260,22.1648,150.0,150.0,200.0,16.0,0.18,21.6828
7320,22.1593,150.0,150.0,200.0,16.0,0.18,21.7185
7380,22.1538,150.0,150.0,200.0,16.0,0.18,21.6675
7440,22.1485,150.0,150.0,200.0,16.0,0.18,21.7223
7500,22.1433,150.0,150.0,200.0,16.0,0.18,21.6878
7560,22.1382,150.0,150.0,200.0,16.0,0.18,21.7482
7620,22.1331,150.0,150.0,200.0,16.0,0.18,21.6801
7680,22.1281,150.0,150.0,200.0,16.0,0.18,21.7047
7740,22.1233,150.0,150.0,200.0,16.0,0.18,21.6167
7800,22.1185,150.0,150.0,200.0,16.0,0.18,21.6442
7860,22.1138,150.0,150.0,200.0,16.0,0.18,21.6497
7920,22.1093,150.0,150.0,200.0,16.0,0.18,21.6845
7980,22.1048,150.0,150.0,200.0,16.0,0.18,21.5739
8040,22.1004,150.0,150.0,200.0,16.0,0.18,21.6462
8100,22.0961,150.0,150.0,200.0,16.0,0.18,21.6264
8160,22.0919,150.0,150.0,200.0,16.0,0.18,21.647
8220,22.0877,150.0,150.0,200.0,16.0,0.18,21.6146
8280,22.0837,150.0,150.0,200.0,16.0,0.18,21.5871
8340,22.0798,150.0,150.0,200.0,16.0,0.18,21.5622
8400,22.076,150.0,150.0,200.0,16.0,0.18,21.5328
8460,22.0722,150.0,150.0,200.0,16.0,0.18,21.5684
8520,22.0686,150.0,150.0,200.0,16.0,0.18,21.5492
8580,22.065,150.0,150.0,200.0,16.0,0.18,21.608
8640,22.0616,150.0,150.0,200.0,16.0,0.18,21.5215
8700,22.0582,150.0,150.0,200.0,16.0,0.18,21.542
8760,22.0549,150.0,150.0,200.0,16.0,0.18,21.4778
8820,22.0517,150.0,150.0,200.0,16.0,0.18,21.5056
8880,22.0487,150.0,150.0,200.0,16.0,0.18,21.5178
8940,22.0457,150.0,150.0,200.0,16.0,0.18,21.5273
9000,22.0428,150.0,150.0,200.0,16.0,0.18,21.5387
9060,22.04,150.0,150.0,200.0,16.0,0.18,21.4865
9120,22.0373,150.0,150.0,200.0,16.0,0.18,21.447
9180,22.0347,150.0,150.0,200.0,16.0,0.18,21.487
9240,22.0321,150.0,150.0,200.0,16.0,0.18,21.4815
9300,22.0297,150.0,150.0,200.0,16.0,0.18,21.4735
9360,22.0274,150.0,150.0,200.0,16.0,0.18,21.4305
9420,22.0252,150.0,150.0,200.0,16.0,0.18,21.4784
9480,22.023,150.0,150.0,200.0,16.0,0.18,21.4398
9540,22.021,150.0,150.0,200.0,16.0,0.18,21.4511
9600,22.019,150.0,150.0,200.0,16.0,0.18,21.4612
9660,22.0172,150.0,150.0,200.0,16.0,0.18,21.4342
9720,22.0154,150.0,150.0,200.0,16.0,0.18,21.4174
9780,22.0137,150.0,150.0,200.0,16.0,0.18,21.4664
9840,22.0122,150.0,150.0,200.0,16.0,0.18,21.4022
9900,22.0107,150.0,150.0,200.0,16.0,0.18,21.379
9960,22.0093,150.0,150.0,200.0,16.0,0.18,21.3843
10020,22.008,150.0,150.0,200.0,16.0,0.18,21.4185
10080,22.0069,150.0,150.0,200.0,16.0,0.18,21.3707
10140,22.0058,150.0,150.0,200.0,16.0,0.18,21.3759
10200,22.0048,150.0,150.0,200.0,16.0,0.18,21.3894
10260,22.0039,150.0,150.0,200.0,16.0,0.18,21.3313
10320,22.003,150.0,150.0,200.0,16.0,0.18,21.2882
10380,22.0023,150.0,150.0,200.0,16.0,0.18,21.3422
10440,22.0017,150.0,150.0,200.0,16.0,0.18,21.3334
10500,22.0012,150.0,150.0,200.0,16.0,0.18,21.3016
10560,22.0008,150.0,150.0,200.0,16.0,0.18,21.3393
10620,22.0004,150.0,150.0,200.0,16.0,0.18,21.3248
10680,22.0002,150.0,150.0,200.0,16.0,0.18,21.2702
10740,22.0,150.0,150.0,200.0,16.0,0.18,21.309
10800,22.0,150.0,150.0,200.0,16.0,0.18,21.281
10860,22.0,150.0,150.0,200.0,16.0,0.18,21.2359
10920,22.0002,150.0,150.0,200.0,16.0,0.18,21.2875
10980,22.0004,150.0,150.0,200.0,16.0,0.18,21.2661
11040,22.0008,150.0,150.0,200.0,16.0,0.18,21.2387
11100,22.0012,150.0,150.0,200.0,16.0,0.18,21.2704
11160,22.0017,150.0,150.0,200.0,16.0,0.18,21.263
11220,22.0023,150.0,150.0,200.0,16.0,0.18,21.2247
11280,22.003,150.0,150.0,200.0,16.0,0.18,21.2477
11340,22.0039,150.0,150.0,200.0,16.0,0.18,21.2599
11400,22.0048,150.0,150.0,200.0,16.0,0.18,21.2018
11460,22.0058,150.0,150.0,200.0,16.0,0.18,21.2284
11520,22.0069,150.0,150.0,200.0,16.0,0.18,21.2109
11580,22.008,150.0,150.0,200.0,16.0,0.18,21.2726
11640,22.0093,150.0,150.0,200.0,16.0,0.18,21.1427
11700,22.0107,150.0,150.0,200.0,16.0,0.18,21.2133
11760,22.0122,150.0,150.0,200.0,16.0,0.18,21.1772
11820,22.0137,150.0,150.0,200.0,16.0,0.18,21.1773
11880,22.0154,150.0,150.0,200.0,16.0,0.18,21.2314
11940,22.0172,150.0,150.0,200.0,16.0,0.18,21.1681
12000,22.019,150.0,150.0,200.0,16.0,0.18,21.2296
12060,22.021,150.0,150.0,200.0,16.0,0.18,21.1432
12120,22.023,150.0,150.0,200.0,16.0,0.18,21.1611
12180,22.0252,150.0,150.0,200.0,16.0,0.18,21.13
12240,22.0274,150.0,150.0,200.0,16.0,0.18,21.1182
12300,22.0297,150.0,150.0,200.0,16.0,0.18,21.135
12360,22.0321,150.0,150.0,200.0,16.0,0.18,21.1189
12420,22.0347,150.0,150.0,200.0,16.0,0.18,21.1277
12480,22.0373,150.0,150.0,200.0,16.0,0.18,21.0528
12540,22.04,150.0,150.0,200.0,16.0,0.18,21.1703
12600,22.0428,150.0,150.0,200.0,16.0,0.18,21.0996
12660,22.0457,150.0,150.0,200.0,16.0,0.18,21.1513
12720,22.0487,150.0,150.0,200.0,16.0,0.18,21.0632
12780,22.0517,150.0,150.0,200.0,16.0,0.18,21.0966
12840,22.0549,150.0,150.0,200.0,16.0,0.18,21.1773
12900,22.0582,150.0,150.0,200.0,16.0,0.18,21.0507
12960,22.0616,150.0,150.0,200.0,16.0,0.18,21.0265
13020,22.065,150.0,150.0,200.0,16.0,0.18,21.0495
13080,22.0686,150.0,150.0,200.0,16.0,0.18,21.0747
13140,22.0722,150.0,150.0,200.0,16.0,0.18,21.0759
13200,22.076,150.0,150.0,200.0,16.0,0.18,21.0885
13260,22.0798,150.0,150.0,200.0,16.0,0.18,21.0368
13320,22.0837,150.0,150.0,200.0,16.0,0.18,20.9911
13380,22.0877,150.0,150.0,200.0,16.0,0.18,21.0209
13440,22.0919,150.0,150.0,200.0,16.0,0.18,21.0659
13500,22.0961,150.0,150.0,200.0,16.0,0.18,21.0375
13560,22.1004,150.0,150.0,200.0,16.0,0.18,20.9597
13620,22.1048,150.0,150.0,200.0,16.0,0.18,21.0122
13680,22.1093,150.0,150.0,200.0,16.0,0.18,21.0501
13740,22.1138,150.0,150.0,200.0,16.0,0.18,21.0669
13800,22.1185,150.0,150.0,200.0,16.0,0.18,21.0149
13860,22.1233,150.0,150.0,200.0,16.0,0.18,21.0023
13920,22.1281,150.0,150.0,200.0,16.0,0.18,20.9508
13980,22.1331,150.0,150.0,200.0,16.0,0.18,20.9578
14040,22.1382,150.0,150.0,200.0,16.0,0.18,20.9796
14100,22.1433,150.0,150.0,200.0,16.0,0.18,20.9884
14160,22.1485,150.0,150.0,200.0,16.0,0.18,20.9859
14220,22.1538,150.0,150.0,200.0,16.0,0.18,20.9493
14280,22.1593,150.0,150.0,200.0,16.0,0.18,20.9243
14340,22.1648,150.0,150.0,200.0,16.0,0.18,20.9308
14400,22.1704,150.0,150.0,200.0,16.0,0.18,20.9146
14460,22.1761,150.0,150.0,200.0,16.0,0.18,20.964
14520,22.1818,150.0,150.0,200.0,16.0,0.18,20.8706
14580,22.1877,150.0,150.0,200.0,16.0,0.18,20.9254
14640,22.1937,150.0,150.0,200.0,16.0,0.18,20.9442
14700,22.1998,150.0,150.0,200.0,16.0,0.18,20.9718
14760,22.2059,150.0,150.0,200.0,16.0,0.18,20.9238
14820,22.2121,150.0,150.0,200.0,16.0,0.18,20.9472
14880,22.2185,150.0,150.0,200.0,16.0,0.18,20.9007
14940,22.2249,150.0,150.0,200.0,16.0,0.18,20.8859
15000,22.2314,150.0,150.0,200.0,16.0,0.18,20.8836
15060,22.238,150.0,150.0,200.0,16.0,0.18,20.9452
15120,22.2447,150.0,150.0,200.0,16.0,0.18,20.9249
15180,22.2515,150.0,150.0,200.0,16.0,0.18,20.9053
15240,22.2584,150.0,150.0,200.0,16.0,0.18,20.9863
15300,22.2653,150.0,150.0,200.0,16.0,0.18,20.8812
15360,22.2724,150.0,150.0,200.0,16.0,0.18,20.8966
15420,22.2796,150.0,150.0,200.0,16.0,0.18,20.883
15480,22.2868,150.0,150.0,200.0,16.0,0.18,20.8629
15540,22.2941,150.0,150.0,200.0,16.0,0.18,20.9349
15600,22.3015,150.0,150.0,200.0,16.0,0.18,20.9065
15660,22.309,150.0,150.0,200.0,16.0,0.18,20.8153
15720,22.3166,150.0,150.0,200.0,16.0,0.18,20.8412
15780,22.3243,150.0,150.0,200.0,16.0,0.18,20.8621
15840,22.3321,150.0,150.0,200.0,16.0,0.18,20.8687
15900,22.34,150.0,150.0,200.0,16.0,0.18,20.8009
15960,22.3479,150.0,150.0,200.0,16.0,0.18,20.7697
16020,22.356,150.0,150.0,200.0,16.0,0.18,20.7763
16080,22.3641,150.0,150.0,200.0,16.0,0.18,20.8275
16140,22.3723,150.0,150.0,200.0,16.0,0.18,20.8228
16200,22.3806,150.0,150.0,200.0,16.0,0.18,20.8324
16260,22.389,150.0,150.0,200.0,16.0,0.18,20.7952
16320,22.3975,150.0,150.0,200.0,16.0,0.18,20.7779
16380,22.406,150.0,150.0,200.0,16.0,0.18,20.7502
16440,22.4147,150.0,150.0,200.0,16.0,0.18,20.8171
16500,22.4234,150.0,150.0,200.0,16.0,0.18,20.8147
16560,22.4323,150.0,150.0,200.0,16.0,0.18,20.8298
16620,22.4412,150.0,150.0,200.0,16.0,0.18,20.8202
16680,22.4502,150.0,150.0,200.0,16.0,0.18,20.7872
16740,22.4593,150.0,150.0,200.0,16.0,0.18,20.8299
16800,22.4685,150.0,150.0,200.0,16.0,0.18,20.7819
16860,22.4777,150.0,150.0,200.0,16.0,0.18,20.7627
16920,22.4871,150.0,150.0,200.0,16.0,0.18,20.7635
16980,22.4965,150.0,150.0,200.0,16.0,0.18,20.7582
17040,22.506,150.0,150.0,200.0,16.0,0.18,20.7074
17100,22.5156,150.0,150.0,200.0,16.0,0.18,20.7738
17160,22.5253,150.0,150.0,200.0,16.0,0.18,20.7733
17220,22.5351,150.0,150.0,200.0,16.0,0.18,20.7517
17280,22.545,150.0,150.0,200.0,16.0,0.18,20.738
17340,22.5549,150.0,150.0,200.0,16.0,0.18,20.7674
17400,22.5649,150.0,150.0,200.0,16.0,0.18,20.8046
17460,22.5751,150.0,150.0,200.0,16.0,0.18,20.7511
17520,22.5853,150.0,150.0,200.0,16.0,0.18,20.7316
17580,22.5955,150.0,150.0,200.0,16.0,0.18,20.7261
17640,22.6059,150.0,150.0,200.0,16.0,0.18,20.7387
17700,22.6164,150.0,150.0,200.0,16.0,0.18,20.6999
17760,22.6269,150.0,150.0,200.0,16.0,0.18,20.7311
17820,22.6375,150.0,150.0,200.0,16.0,0.18,20.7338
17880,22.6482,150.0,150.0,200.0,16.0,0.18,20.7844
17940,22.659,150.0,150.0,200.0,16.0,0.18,20.7545
18000,22.6699,150.0,150.0,200.0,16.0,0.18,20.7544
18060,22.6808,150.0,150.0,200.0,16.0,0.18,20.6992
18120,22.6919,150.0,150.0,200.0,16.0,0.18,20.7379
18180,22.703,150.0,150.0,200.0,16.0,0.18,20.6809
18240,22.7142,150.0,150.0,200.0,16.0,0.18,20.7217
18300,22.7254,150.0,150.0,200.0,16.0,0.18,20.7223
18360,22.7368,150.0,150.0,200.0,16.0,0.18,20.6841
18420,22.7482,150.0,150.0,200.0,16.0,0.18,20.7645
18480,22.7598,150.0,150.0,200.0,16.0,0.18,20.7189
18540,22.7714,150.0,150.0,200.0,16.0,0.18,20.6423
18600,22.783,150.0,150.0,200.0,16.0,0.18,20.7135
18660,22.7948,150.0,150.0,200.0,16.0,0.18,20.6822
18720,22.8066,150.0,150.0,200.0,16.0,0.18,20.692
18780,22.8186,150.0,150.0,200.0,16.0,0.18,20.7035
18840,22.8306,150.0,150.0,200.0,16.0,0.18,20.6989
18900,22.8427,150.0,150.0,200.0,16.0,0.18,20.6237
18960,22.8548,150.0,150.0,200.0,16.0,0.18,20.6478
19020,22.8671,150.0,150.0,200.0,16.0,0.18,20.7034
19080,22.8794,150.0,150.0,200.0,16.0,0.18,20.7171
19140,22.8918,150.0,150.0,200.0,16.0,0.18,20.7329
19200,22.9042,150.0,150.0,200.0,16.0,0.18,20.7277
19260,22.9168,150.0,150.0,200.0,16.0,0.18,20.6098
19320,22.9294,150.0,150.0,200.0,16.0,0.18,20.6924
19380,22.9421,150.0,150.0,200.0,16.0,0.18,20.6098
19440,22.9549,150.0,150.0,200.0,16.0,0.18,20.7136
19500,22.9678,150.0,150.0,200.0,16.0,0.18,20.6708
19560,22.9807,150.0,150.0,200.0,16.0,0.18,20.627
19620,22.9937,150.0,150.0,200.0,16.0,0.18,20.7196
19680,23.0068,150.0,150.0,200.0,16.0,0.18,20.6766
19740,23.02,150.0,150.0,200.0,16.0,0.18,20.5987
19800,23.0332,150.0,150.0,200.0,16.0,0.18,20.6624
19860,23.0466,150.0,150.0,200.0,16.0,0.18,20.6298
19920,23.0599,150.0,150.0,200.0,16.0,0.18,20.6533
19980,23.0734,150.0,150.0,200.0,16.0,0.18,20.6342
20040,23.087,150.0,150.0,200.0,16.0,0.18,20.6877
20100,23.1006,150.0,150.0,200.0,16.0,0.18,20.6021
20160,23.1143,150.0,150.0,200.0,16.0,0.18,20.6526
20220,23.128,150.0,150.0,200.0,16.0,0.18,20.6959
20280,23.1419,150.0,150.0,200.0,16.0,0.18,20.6151
20340,23.1558,150.0,150.0,200.0,16.0,0.18,20.6446
20400,23.1698,150.0,150.0,200.0,16.0,0.18,20.6428
20460,23.1838,150.0,150.0,200.0,16.0,0.18,20.6146
20520,23.198,150.0,150.0,200.0,16.0,0.18,20.6532
20580,23.2122,150.0,150.0,200.0,16.0,0.18,20.6352
20640,23.2265,150.0,150.0,200.0,16.0,0.18,20.6026
20700,23.2408,150.0,150.0,200.0,16.0,0.18,20.6824
20760,23.2552,150.0,150.0,200.0,16.0,0.18,20.6519
20820,23.2697,150.0,150.0,200.0,16.0,0.18,20.6219
20880,23.2843,150.0,150.0,200.0,16.0,0.18,20.6065
20940,23.2989,150.0,150.0,200.0,16.0,0.18,20.6008
21000,23.3136,150.0,150.0,200.0,16.0,0.18,20.6601
21060,23.3284,150.0,150.0,200.0,16.0,0.18,20.6176
21120,23.3432,150.0,150.0,200.0,16.0,0.18,20.6346
21180,23.3581,150.0,150.0,200.0,16.0,0.18,20.6141
21240,23.3731,150.0,150.0,200.0,16.0,0.18,20.6371
21300,23.3882,150.0,150.0,200.0,16.0,0.18,20.6141
21360,23.4033,150.0,150.0,200.0,16.0,0.18,20.6394
21420,23.4185,150.0,150.0,200.0,16.0,0.18,20.61
21480,23.4337,150.0,150.0,200.0,16.0,0.18,20.6394
21540,23.4491,150.0,150.0,200.0,16.0,0.18,20.6338
21600,23.4645,150.0,150.0,200.0,16.0,0.18,20.6092
21660,23.4799,150.0,150.0,200.0,16.0,0.18,20.5861
21720,23.4955,150.0,150.0,200.0,16.0,0.18,20.5828
21780,23.511,150.0,150.0,200.0,16.0,0.18,20.588
21840,23.5267,150.0,150.0,200.0,16.0,0.18,20.5799
21900,23.5424,150.0,150.0,200.0,16.0,0.18,20.6347
21960,23.5582,150.0,150.0,200.0,16.0,0.18,20.6066
22020,23.5741,150.0,150.0,200.0,16.0,0.18,20.6544
22080,23.59,150.0,150.0,200.0,16.0,0.18,20.6751
22140,23.606,150.0,150.0,200.0,16.0,0.18,20.6068
22200,23.622,150.0,150.0,200.0,16.0,0.18,20.559
22260,23.6382,150.0,150.0,200.0,16.0,0.18,20.5935
22320,23.6543,150.0,150.0,200.0,16.0,0.18,20.6021
22380,23.6706,150.0,150.0,200.0,16.0,0.18,20.5593
22440,23.6869,150.0,150.0,200.0,16.0,0.18,20.5959
22500,23.7033,150.0,150.0,200.0,16.0,0.18,20.6116
22560,23.7197,150.0,150.0,200.0,16.0,0.18,20.5889
22620,23.7362,150.0,150.0,200.0,16.0,0.18,20.5792
22680,23.7528,150.0,150.0,200.0,16.0,0.18,20.5792
22740,23.7694,150.0,150.0,200.0,16.0,0.18,20.6553
22800,23.7861,150.0,150.0,200.0,16.0,0.18,20.5966
22860,23.8028,150.0,150.0,200.0,16.0,0.18,20.5763
22920,23.8196,150.0,150.0,200.0,16.0,0.18,20.5898
22980,23.8365,150.0,150.0,200.0,16.0,0.18,20.6294
23040,23.8534,150.0,150.0,200.0,16.0,0.18,20.5801
23100,23.8704,150.0,150.0,200.0,16.0,0.18,20.615
23160,23.8874,150.0,150.0,200.0,16.0,0.18,20.6223
23220,23.9045,150.0,150.0,200.0,16.0,0.18,20.6229
23280,23.9217,150.0,150.0,200.0,16.0,0.18,20.6424
23340,23.9389,150.0,150.0,200.0,16.0,0.18,20.5839
23400,23.9562,150.0,150.0,200.0,16.0,0.18,20.6344
23460,23.9735,150.0,150.0,200.0,16.0,0.18,20.5767
23520,23.9909,150.0,150.0,200.0,16.0,0.18,20.5887
23580,24.0084,150.0,150.0,200.0,16.0,0.18,20.6366
23640,24.0259,150.0,150.0,200.0,16.0,0.18,20.6256
23700,24.0435,150.0,150.0,200.0,16.0,0.18,20.6012
23760,24.0611,150.0,150.0,200.0,16.0,0.18,20.5656
23820,24.0788,150.0,150.0,200.0,16.0,0.18,20.6185
23880,24.0965,150.0,150.0,200.0,16.0,0.18,20.583
23940,24.1143,150.0,150.0,200.0,16.0,0.18,20.5745
24000,24.1321,150.0,150.0,200.0,16.0,0.18,20.5831
24060,24.15,150.0,150.0,200.0,16.0,0.18,20.6104
24120,24.168,150.0,150.0,200.0,16.0,0.18,20.5398
24180,24.186,150.0,150.0,200.0,16.0,0.18,20.6147
24240,24.204,150.0,150.0,200.0,16.0,0.18,20.6095
24300,24.2221,150.0,150.0,200.0,16.0,0.18,20.5873
24360,24.2403,150.0,150.0,200.0,16.0,0.18,20.6365
24420,24.2585,150.0,150.0,200.0,16.0,0.18,20.6243
24480,24.2768,150.0,150.0,200.0,16.0,0.18,20.5883
24540,24.2951,150.0,150.0,200.0,16.0,0.18,20.587
24600,24.3135,150.0,150.0,200.0,16.0,0.18,20.6287
24660,24.3319,150.0,150.0,200.0,16.0,0.18,20.563
24720,24.3504,150.0,150.0,200.0,16.0,0.18,20.5992
24780,24.3689,150.0,150.0,200.0,16.0,0.18,20.591
24840,24.3875,150.0,150.0,200.0,16.0,0.18,20.6128
24900,24.4061,150.0,150.0,200.0,16.0,0.18,20.6179
24960,24.4248,150.0,150.0,200.0,16.0,0.18,20.6135
25020,24.4435,150.0,150.0,200.0,16.0,0.18,20.6473
25080,24.4623,150.0,150.0,200.0,16.0,0.18,20.621
25140,24.4811,150.0,150.0,200.0,16.0,0.18,20.6056
25200,24.5,150.0,150.0,200.0,16.0,0.18,20.5797
25260,24.5189,150.0,150.0,200.0,16.0,0.18,20.6387
25320,24.5379,150.0,150.0,200.0,16.0,0.18,20.6339
25380,24.5569,150.0,150.0,200.0,16.0,0.18,20.6626
25440,24.576,150.0,150.0,200.0,16.0,0.18,20.5977
25500,24.5951,150.0,150.0,200.0,16.0,0.18,20.6221
25560,24.6142,150.0,150.0,200.0,16.0,0.18,20.6207
25620,24.6334,150.0,150.0,200.0,16.0,0.18,20.621
25680,24.6526,150.0,150.0,200.0,16.0,0.18,20.6251
25740,24.6719,150.0,150.0,200.0,16.0,0.18,20.5746
25800,24.6913,150.0,150.0,200.0,16.0,0.18,20.652
25860,24.7106,150.0,150.0,200.0,16.0,0.18,20.6481
25920,24.73,150.0,150.0,200.0,16.0,0.18,20.6638
25980,24.7495,150.0,150.0,200.0,16.0,0.18,20.6987
26040,24.769,150.0,150.0,200.0,16.0,0.18,20.623
26100,24.7886,150.0,150.0,200.0,16.0,0.18,20.6329
26160,24.8081,150.0,150.0,200.0,16.0,0.18,20.6357
26220,24.8278,150.0,150.0,200.0,16.0,0.18,20.6951
26280,24.8474,150.0,150.0,200.0,16.0,0.18,20.5864
26340,24.8672,150.0,150.0,200.0,16.0,0.18,20.6544
26400,24.8869,150.0,150.0,200.0,16.0,0.18,20.5973
26460,24.9067,150.0,150.0,200.0,16.0,0.18,20.5655
26520,24.9265,150.0,150.0,200.0,16.0,0.18,20.584
26580,24.9464,150.0,150.0,200.0,16.0,0.18,20.6048
26640,24.9663,150.0,150.0,200.0,16.0,0.18,20.68
26700,24.9863,150.0,150.0,200.0,16.0,0.18,20.6235
26760,25.0063,150.0,150.0,200.0,16.0,0.18,20.6445
26820,25.0263,150.0,150.0,200.0,16.0,0.18,20.6181
26880,25.0463,150.0,150.0,200.0,16.0,0.18,20.6731
26940,25.0664,150.0,150.0,200.0,16.0,0.18,20.6236
27000,25.0866,150.0,150.0,200.0,16.0,0.18,20.698
27060,25.1068,150.0,150.0,200.0,16.0,0.18,20.6305
27120,25.127,150.0,150.0,200.0,16.0,0.18,20.6392
27180,25.1472,150.0,150.0,200.0,16.0,0.18,20.6678
27240,25.1675,150.0,150.0,200.0,16.0,0.18,20.6668
27300,25.1878,150.0,150.0,200.0,16.0,0.18,20.7108
27360,25.2082,150.0,150.0,200.0,16.0,0.18,20.6736
27420,25.2285,150.0,150.0,200.0,16.0,0.18,20.6358
27480,25.249,150.0,150.0,200.0,16.0,0.18,20.6573
27540,25.2694,150.0,150.0,200.0,16.0,0.18,20.659
27600,25.2899,150.0,150.0,200.0,16.0,0.18,20.7001
27660,25.3104,150.0,150.0,200.0,16.0,0.18,20.692
27720,25.331,150.0,150.0,200.0,16.0,0.18,20.679
27780,25.3515,150.0,150.0,200.0,16.0,0.18,20.7109
27840,25.3722,150.0,150.0,200.0,16.0,0.18,20.6712
27900,25.3928,150.0,150.0,200.0,16.0,0.18,20.6852
27960,25.4135,150.0,150.0,200.0,16.0,0.18,20.697
28020,25.4342,150.0,150.0,200.0,16.0,0.18,20.7397
28080,25.4549,150.0,150.0,200.0,16.0,0.18,20.6932
28140,25.4757,150.0,150.0,200.0,16.0,0.18,20.688
28200,25.4965,150.0,150.0,200.0,16.0,0.18,20.6696
28260,25.5173,150.0,150.0,200.0,16.0,0.18,20.7239
28320,25.5381,150.0,150.0,200.0,16.0,0.18,20.6881
28380,25.559,150.0,150.0,200.0,16.0,0.18,20.7186
28440,25.5799,150.0,150.0,200.0,16.0,0.18,20.6537
28500,25.6009,150.0,150.0,200.0,16.0,0.18,20.7445
28560,25.6218,150.0,150.0,200.0,16.0,0.18,20.6758
28620,25.6428,150.0,150.0,200.0,16.0,0.18,20.695
28680,25.6638,150.0,150.0,200.0,16.0,0.18,20.7527
28740,25.6848,150.0,150.0,200.0,16.0,0.18,20.6836
28800,25.7059,900.0,900.0,1200.0,13.0,0.18,20.746
28860,25.727,900.0,900.0,1200.0,13.0,0.18,20.7754
28920,25.7481,900.0,900.0,1200.0,13.0,0.18,20.7679
28980,25.7692,900.0,900.0,1200.0,13.0,0.18,20.8628
29040,25.7904,900.0,900.0,1200.0,13.0,0.18,20.892
29100,25.8116,900.0,900.0,1200.0,13.0,0.18,20.8123
29160,25.8328,900.0,900.0,1200.0,13.0,0.18,20.8524
29220,25.854,900.0,900.0,1200.0,13.0,0.18,20.9445
29280,25.8752,900.0,900.0,1200.0,13.0,0.18,20.9054
29340,25.8965,900.0,900.0,1200.0,13.0,0.18,20.957
29400,25.9178,900.0,900.0,1200.0,13.0,0.18,20.9967
29460,25.9391,900.0,900.0,1200.0,13.0,0.18,21.0376
29520,25.9604,900.0,900.0,1200.0,13.0,0.18,21.0342
29580,25.9818,900.0,900.0,1200.0,13.0,0.18,21.0677
29640,26.0032,900.0,900.0,1200.0,13.0,0.18,21.0654
29700,26.0245,900.0,900.0,1200.0,13.0,0.18,21.1512
29760,26.046,900.0,900.0,1200.0,13.0,0.18,21.1213
29820,26.0674,900.0,900.0,1200.0,13.0,0.18,21.17
29880,26.0888,900.0,900.0,1200.0,13.0,0.18,21.1681
29940,26.1103,900.0,900.0,1200.0,13.0,0.18,21.2102
30000,26.1318,900.0,900.0,1200.0,13.0,0.18,21.2254
30060,26.1533,900.0,900.0,1200.0,13.0,0.18,21.249
30120,26.1748,900.0,900.0,1200.0,13.0,0.18,21.2468
30180,26.1963,900.0,900.0,1200.0,13.0,0.18,21.3243
30240,26.2178,900.0,900.0,1200.0,13.0,0.18,21.3661
30300,26.2394,900.0,900.0,1200.0,13.0,0.18,21.3541
30360,26.261,900.0,900.0,1200.0,13.0,0.18,21.3919
30420,26.2825,900.0,900.0,1200.0,13.0,0.18,21.418
30480,26.3041,900.0,900.0,1200.0,13.0,0.18,21.4437
30540,26.3257,900.0,900.0,1200.0,13.0,0.18,21.4478
30600,26.3474,900.0,900.0,1200.0,13.0,0.18,21.4679
30660,26.369,900.0,900.0,1200.0,13.0,0.18,21.5103
30720,26.3907,900.0,900.0,1200.0,13.0,0.18,21.5091
30780,26.4123,900.0,900.0,1200.0,13.0,0.18,21.5005
30840,26.434,900.0,900.0,1200.0,13.0,0.18,21.553
30900,26.4557,900.0,900.0,1200.0,13.0,0.18,21.5182
30960,26.4774,900.0,900.0,1200.0,13.0,0.18,21.5971
31020,26.4991,900.0,900.0,1200.0,13.0,0.18,21.6321
31080,26.5208,900.0,900.0,1200.0,13.0,0.18,21.6791
31140,26.5425,900.0,900.0,1200.0,13.0,0.18,21.6689
31200,26.5642,900.0,900.0,1200.0,13.0,0.18,21.7144
31260,26.586,900.0,900.0,1200.0,13.0,0.18,21.7087
31320,26.6077,900.0,900.0,1200.0,13.0,0.18,21.7001
31380,26.6295,900.0,900.0,1200.0,13.0,0.18,21.7105
31440,26.6512,900.0,900.0,1200.0,13.0,0.18,21.7458
31500,26.673,900.0,900.0,1200.0,13.0,0.18,21.7558
31560,26.6948,900.0,900.0,1200.0,13.0,0.18,21.8377
31620,26.7165,900.0,900.0,1200.0,13.0,0.18,21.8343
31680,26.7383,900.0,900.0,1200.0,13.0,0.18,21.8794
31740,26.7601,900.0,900.0,1200.0,13.0,0.18,21.8862
31800,26.7819,900.0,900.0,1200.0,13.0,0.18,21.9369
31860,26.8037,900.0,900.0,1200.0,13.0,0.18,21.959
31920,26.8255,900.0,900.0,1200.0,13.0,0.18,21.9294
31980,26.8473,900.0,900.0,1200.0,13.0,0.18,21.962
32040,26.8691,900.0,900.0,1200.0,13.0,0.18,21.9757
32100,26.8909,900.0,900.0,1200.0,13.0,0.18,21.9644
32160,26.9127,900.0,900.0,1200.0,13.0,0.18,22.0546
32220,26.9346,900.0,900.0,1200.0,13.0,0.18,22.0913
32280,26.9564,900.0,900.0,1200.0,13.0,0.18,22.0766
32340,26.9782,900.0,900.0,1200.0,13.0,0.18,22.0832
32400,27.0,900.0,900.0,1200.0,13.0,0.18,22.1518
32460,27.0218,900.0,900.0,1200.0,13.0,0.18,22.0698
32520,27.0436,900.0,900.0,1200.0,13.0,0.18,22.1664
32580,27.0654,900.0,900.0,1200.0,13.0,0.18,22.1864
32640,27.0873,900.0,900.0,1200.0,13.0,0.18,22.1858
32700,27.1091,900.0,900.0,1200.0,13.0,0.18,22.2655
32760,27.1309,900.0,900.0,1200.0,13.0,0.18,22.2737
32820,27.1527,900.0,900.0,1200.0,13.0,0.18,22.2575
32880,27.1745,900.0,900.0,1200.0,13.0,0.18,22.2834
32940,27.1963,900.0,900.0,1200.0,13.0,0.18,22.295
33000,27.2181,900.0,900.0,1200.0,13.0,0.18,22.3118
33060,27.2399,900.0,900.0,1200.0,13.0,0.18,22.3084
33120,27.2617,900.0,900.0,1200.0,13.0,0.18,22.4096
33180,27.2835,900.0,900.0,1200.0,13.0,0.18,22.4194
33240,27.3052,900.0,900.0,1200.0,13.0,0.18,22.4329
33300,27.327,900.0,900.0,1200.0,13.0,0.18,22.3964
33360,27.3488,900.0,900.0,1200.0,13.0,0.18,22.512
33420,27.3705,900.0,900.0,1200.0,13.0,0.18,22.5292
33480,27.3923,900.0,900.0,1200.0,13.0,0.18,22.4956
33540,27.414,900.0,900.0,1200.0,13.0,0.18,22.4829
33600,27.4358,900.0,900.0,1200.0,13.0,0.181205,22.5039
33660,27.4575,900.0,900.0,1200.0,13.0,0.183593,22.562
33720,27.4792,900.0,900.0,1200.0,13.0,0.185936,22.5412
33780,27.5009,900.0,900.0,1200.0,13.0,0.188234,22.5864
33840,27.5226,900.0,900.0,1200.0,13.0,0.190488,22.6385
33900,27.5443,900.0,900.0,1200.0,13.0,0.1927,22.5787
33960,27.566,900.0,900.0,1200.0,13.0,0.194869,22.7018
34020,27.5877,900.0,900.0,1200.0,13.0,0.196996,22.706
34080,27.6093,900.0,900.0,1200.0,13.0,0.199082,22.639
34140,27.631,900.0,900.0,1200.0,13.0,0.201129,22.6504
34200,27.6526,900.0,900.0,1200.0,13.0,0.203136,22.7007
34260,27.6743,900.0,900.0,1200.0,13.0,0.205105,22.6944
34320,27.6959,900.0,900.0,1200.0,13.0,0.207035,22.7332
34380,27.7175,900.0,900.0,1200.0,13.0,0.208929,22.6791
34440,27.739,900.0,900.0,1200.0,13.0,0.210786,22.7649
34500,27.7606,900.0,900.0,1200.0,13.0,0.212607,22.8407
34560,27.7822,900.0,900.0,1200.0,13.0,0.214393,22.7677
34620,27.8037,900.0,900.0,1200.0,13.0,0.216145,22.8073
34680,27.8252,900.0,900.0,1200.0,13.0,0.217863,22.7849
34740,27.8467,900.0,900.0,1200.0,13.0,0.219547,22.8625
34800,27.8682,900.0,900.0,1200.0,13.0,0.221199,22.8501
34860,27.8897,900.0,900.0,1200.0,13.0,0.22282,22.9283
34920,27.9112,900.0,900.0,1200.0,13.0,0.224409,22.8893
34980,27.9326,900.0,900.0,1200.0,13.0,0.225967,22.8846
35040,27.954,900.0,900.0,1200.0,13.0,0.227496,22.9248
35100,27.9755,900.0,900.0,1200.0,13.0,0.228995,22.9054
35160,27.9968,900.0,900.0,1200.0,13.0,0.230465,22.8924
35220,28.0182,900.0,900.0,1200.0,13.0,0.231907,22.9534
35280,28.0396,900.0,900.0,1200.0,13.0,0.233322,22.9507
35340,28.0609,900.0,900.0,1200.0,13.0,0.234709,22.9722
35400,28.0822,900.0,900.0,1200.0,13.0,0.236069,22.9896
35460,28.1035,900.0,900.0,1200.0,13.0,0.237404,22.974
35520,28.1248,900.0,900.0,1200.0,13.0,0.238713,23.0126
35580,28.146,900.0,900.0,1200.0,13.0,0.239997,23.0626
35640,28.1672,900.0,900.0,1200.0,13.0,0.241256,22.9875
35700,28.1884,900.0,900.0,1200.0,13.0,0.242492,23.083
35760,28.2096,900.0,900.0,1200.0,13.0,0.243704,23.0335
35820,28.2308,900.0,900.0,1200.0,13.0,0.244893,23.0275
35880,28.2519,900.0,900.0,1200.0,13.0,0.24606,23.1329
35940,28.273,900.0,900.0,1200.0,13.0,0.247204,23.074
36000,28.2941,900.0,900.0,1200.0,13.0,0.248327,23.1197
36060,28.3152,900.0,900.0,1200.0,13.0,0.249429,23.1121
36120,28.3362,900.0,900.0,1200.0,13.0,0.25051,23.046
36180,28.3572,900.0,900.0,1200.0,13.0,0.25157,23.1087
36240,28.3782,900.0,900.0,1200.0,13.0,0.252611,23.0978
36300,28.3991,900.0,900.0,1200.0,13.0,0.253633,23.0817
36360,28.4201,900.0,900.0,1200.0,13.0,0.254635,23.077
36420,28.441,900.0,900.0,1200.0,13.0,0.255619,23.1413
36480,28.4619,900.0,900.0,1200.0,13.0,0.256585,23.1638
36540,28.4827,900.0,900.0,1200.0,13.0,0.257533,23.1656
36600,28.5035,900.0,900.0,1200.0,13.0,0.258463,23.1523
36660,28.5243,900.0,900.0,1200.0,13.0,0.259377,23.145
36720,28.5451,900.0,900.0,1200.0,13.0,0.260273,23.1467
36780,28.5658,900.0,900.0,1200.0,13.0,0.261154,23.1668
36840,28.5865,900.0,900.0,1200.0,13.0,0.262018,23.1596
36900,28.6072,900.0,900.0,1200.0,13.0,0.262867,23.1914
36960,28.6278,900.0,900.0,1200.0,13.0,0.2637,23.2036
37020,28.6485,900.0,900.0,1200.0,13.0,0.264518,23.1841
37080,28.669,900.0,900.0,1200.0,13.0,0.265322,23.2106
37140,28.6896,900.0,900.0,1200.0,13.0,0.266111,23.2012
37200,28.7101,900.0,900.0,1200.0,13.0,0.266887,23.2303
37260,28.7306,900.0,900.0,1200.0,13.0,0.267648,23.2518
37320,28.751,900.0,900.0,1200.0,13.0,0.268396,23.2481
37380,28.7715,900.0,900.0,1200.0,13.0,0.269131,23.2629
37440,28.7918,900.0,900.0,1200.0,13.0,0.269853,23.2051
37500,28.8122,900.0,900.0,1200.0,13.0,0.270563,23.2491
37560,28.8325,900.0,900.0,1200.0,13.0,0.27126,23.2745
37620,28.8528,900.0,900.0,1200.0,13.0,0.271945,23.2911
37680,28.873,900.0,900.0,1200.0,13.0,0.272619,23.2294
37740,28.8932,900.0,900.0,1200.0,13.0,0.273281,23.2875
37800,28.9134,900.0,900.0,1200.0,13.0,0.273931,23.3243
37860,28.9336,900.0,900.0,1200.0,13.0,0.274571,23.288
37920,28.9537,900.0,900.0,1200.0,13.0,0.2752,23.2956
37980,28.9737,900.0,900.0,1200.0,13.0,0.275818,23.3171
38040,28.9937,900.0,900.0,1200.0,13.0,0.276426,23.3159
38100,29.0137,900.0,900.0,1200.0,13.0,0.277024,23.3337
38160,29.0337,900.0,900.0,1200.0,13.0,0.277612,23.3204
38220,29.0536,900.0,900.0,1200.0,13.0,0.278191,23.3276
38280,29.0735,900.0,900.0,1200.0,13.0,0.27876,23.3042
38340,29.0933,900.0,900.0,1200.0,13.0,0.279319,23.3271
38400,29.1131,900.0,900.0,1200.0,13.0,0.27987,23.3744
38460,29.1328,900.0,900.0,1200.0,13.0,0.280412,23.3351
38520,29.1526,900.0,900.0,1200.0,13.0,0.280945,23.3405
38580,29.1722,900.0,900.0,1200.0,13.0,0.28147,23.3351
38640,29.1919,900.0,900.0,1200.0,13.0,0.281986,23.3777
38700,29.2114,900.0,900.0,1200.0,13.0,0.282495,23.3327
38760,29.231,900.0,900.0,1200.0,13.0,0.282995,23.3897
38820,29.2505,900.0,900.0,1200.0,13.0,0.283488,23.3383
38880,29.27,900.0,900.0,1200.0,13.0,0.283973,23.3387
38940,29.2894,900.0,900.0,1200.0,13.0,0.284451,23.3805
39000,29.3087,900.0,900.0,1200.0,13.0,0.284921,23.3821
39060,29.3281,900.0,900.0,1200.0,13.0,0.285385,23.3909
39120,29.3474,900.0,900.0,1200.0,13.0,0.285841,23.4176
39180,29.3666,900.0,900.0,1200.0,13.0,0.286291,23.3771
39240,29.3858,900.0,900.0,1200.0,13.0,0.286734,23.4064
39300,29.4049,900.0,900.0,1200.0,13.0,0.287171,23.3694
39360,29.424,900.0,900.0,1200.0,13.0,0.287601,23.438
39420,29.4431,900.0,900.0,1200.0,13.0,0.288025,23.4227
39480,29.4621,900.0,900.0,1200.0,13.0,0.288443,23.4232
39540,29.4811,900.0,900.0,1200.0,13.0,0.288855,23.4161
39600,29.5,900.0,900.0,1200.0,13.0,0.289261,23.3903
39660,29.5189,900.0,900.0,1200.0,13.0,0.289662,23.4073
39720,29.5377,900.0,900.0,1200.0,13.0,0.290056,23.4354
39780,29.5565,900.0,900.0,1200.0,13.0,0.290446,23.423
39840,29.5752,900.0,900.0,1200.0,13.0,0.29083,23.4305
39900,29.5939,900.0,900.0,1200.0,13.0,0.291209,23.3891
39960,29.6125,900.0,900.0,1200.0,13.0,0.291583,23.4384
40020,29.6311,900.0,900.0,1200.0,13.0,0.291952,23.4152
40080,29.6496,900.0,900.0,1200.0,13.0,0.292315,23.4065
40140,29.6681,900.0,900.0,1200.0,13.0,0.292674,23.4373
40200,29.6865,900.0,900.0,1200.0,13.0,0.293029,23.3891
40260,29.7049,900.0,900.0,1200.0,13.0,0.293379,23.4687
40320,29.7232,900.0,900.0,1200.0,13.0,0.293724,23.4761
40380,29.7415,900.0,900.0,1200.0,13.0,0.294065,23.4517
40440,29.7597,900.0,900.0,1200.0,13.0,0.294402,23.4263
40500,29.7779,900.0,900.0,1200.0,13.0,0.294734,23.4305
40560,29.796,900.0,900.0,1200.0,13.0,0.295062,23.457
40620,29.814,900.0,900.0,1200.0,13.0,0.295386,23.3915
40680,29.832,900.0,900.0,1200.0,13.0,0.295707,23.4723
40740,29.85,900.0,900.0,1200.0,13.0,0.296023,23.4894
40800,29.8679,900.0,900.0,1200.0,13.0,0.296335,23.4627
40860,29.8857,900.0,900.0,1200.0,13.0,0.296644,23.4597
40920,29.9035,900.0,900.0,1200.0,13.0,0.296949,23.4826
40980,29.9212,900.0,900.0,1200.0,13.0,0.297251,23.4901
41040,29.9389,900.0,900.0,1200.0,13.0,0.297549,23.5149
41100,29.9565,900.0,900.0,1200.0,13.0,0.297844,23.485
41160,29.9741,900.0,900.0,1200.0,13.0,0.298135,23.4662
41220,29.9916,900.0,900.0,1200.0,13.0,0.298423,23.4754
41280,30.0091,900.0,900.0,1200.0,13.0,0.298708,23.497
41340,30.0265,900.0,900.0,1200.0,13.0,0.298989,23.5406
41400,30.0438,900.0,900.0,1200.0,13.0,0.299268,23.4866
41460,30.0611,900.0,900.0,1200.0,13.0,0.299543,23.4669
41520,30.0783,900.0,900.0,1200.0,13.0,0.299816,23.4746
41580,30.0955,900.0,900.0,1200.0,13.0,0.300085,23.44
41640,30.1126,900.0,900.0,1200.0,13.0,0.300352,23.515
41700,30.1296,900.0,900.0,1200.0,13.0,0.300616,23.4665
41760,30.1466,900.0,900.0,1200.0,13.0,0.300877,23.4725
41820,30.1635,900.0,900.0,1200.0,13.0,0.301135,23.4523
41880,30.1804,900.0,900.0,1200.0,13.0,0.301391,23.4802
41940,30.1972,900.0,900.0,1200.0,13.0,0.301644,23.5328
42000,30.2139,900.0,900.0,1200.0,13.0,0.301895,23.4785
42060,30.2306,900.0,900.0,1200.0,13.0,0.302143,23.4674
42120,30.2472,900.0,900.0,1200.0,13.0,0.302389,23.5273
42180,30.2638,900.0,900.0,1200.0,13.0,0.302632,23.5137
42240,30.2803,900.0,900.0,1200.0,13.0,0.302873,23.5389
42300,30.2967,900.0,900.0,1200.0,13.0,0.303111,23.5501
42360,30.3131,900.0,900.0,1200.0,13.0,0.303347,23.5296
42420,30.3294,900.0,900.0,1200.0,13.0,0.303581,23.4928
42480,30.3457,900.0,900.0,1200.0,13.0,0.303813,23.53
42540,30.3618,900.0,900.0,1200.0,13.0,0.304042,23.5506
42600,30.378,900.0,900.0,1200.0,13.0,0.30427,23.52
42660,30.394,900.0,900.0,1200.0,13.0,0.304495,23.4962
42720,30.41,900.0,900.0,1200.0,13.0,0.304719,23.5742
42780,30.4259,900.0,900.0,1200.0,13.0,0.30494,23.5305
42840,30.4418,900.0,900.0,1200.0,13.0,0.305159,23.5325
42900,30.4576,900.0,900.0,1200.0,13.0,0.305376,23.5471
42960,30.4733,900.0,900.0,1200.0,13.0,0.305592,23.5793
43020,30.489,900.0,900.0,1200.0,13.0,0.305805,23.558
43080,30.5045,900.0,900.0,1200.0,13.0,0.306017,23.5419
43140,30.5201,900.0,900.0,1200.0,13.0,0.306227,23.5741
43200,30.5355,900.0,900.0,1200.0,13.0,0.306435,23.6198
43260,30.5509,900.0,900.0,1200.0,13.0,0.306641,23.5987
43320,30.5663,900.0,900.0,1200.0,13.0,0.306845,23.5789
43380,30.5815,900.0,900.0,1200.0,13.0,0.307048,23.5267
43440,30.5967,900.0,900.0,1200.0,13.0,0.307249,23.6746
43500,30.6118,900.0,900.0,1200.0,13.0,0.307449,23.5278
43560,30.6269,900.0,900.0,1200.0,13.0,0.307646,23.5542
43620,30.6419,900.0,900.0,1200.0,13.0,0.307842,23.546
43680,30.6568,900.0,900.0,1200.0,13.0,0.308037,23.6174
43740,30.6716,900.0,900.0,1200.0,13.0,0.30823,23.5828
43800,30.6864,900.0,900.0,1200.0,13.0,0.308421,23.5289
43860,30.7011,900.0,900.0,1200.0,13.0,0.308611,23.5814
43920,30.7157,900.0,900.0,1200.0,13.0,0.3088,23.5913
43980,30.7303,900.0,900.0,1200.0,13.0,0.308987,23.5669
44040,30.7448,900.0,900.0,1200.0,13.0,0.309172,23.5414
44100,30.7592,900.0,900.0,1200.0,13.0,0.309356,23.5577
44160,30.7735,900.0,900.0,1200.0,13.0,0.309539,23.5679
44220,30.7878,900.0,900.0,1200.0,13.0,0.30972,23.5832
44280,30.802,900.0,900.0,1200.0,13.0,0.3099,23.5684
44340,30.8162,900.0,900.0,1200.0,13.0,0.310078,23.6075
44400,30.8302,900.0,900.0,1200.0,13.0,0.310255,23.5584
44460,30.8442,900.0,900.0,1200.0,13.0,0.310431,23.5364
44520,30.8581,900.0,900.0,1200.0,13.0,0.310605,23.5676
44580,30.872,900.0,900.0,1200.0,13.0,0.310778,23.6317
44640,30.8857,900.0,900.0,1200.0,13.0,0.31095,23.5755
44700,30.8994,900.0,900.0,1200.0,13.0,0.311121,23.6643
44760,30.913,900.0,900.0,1200.0,13.0,0.31129,23.6102
44820,30.9266,900.0,900.0,1200.0,13.0,0.311458,23.5619
44880,30.9401,900.0,900.0,1200.0,13.0,0.311625,23.5732
44940,30.9534,900.0,900.0,1200.0,13.0,0.31179,23.6069
45000,30.9668,900.0,900.0,1200.0,13.0,0.311955,23.5657
45060,30.98,900.0,900.0,1200.0,13.0,0.312118,23.6736
45120,30.9932,900.0,900.0,1200.0,13.0,0.31228,23.5739
45180,31.0063,900.0,900.0,1200.0,13.0,0.312441,23.6254
45240,31.0193,900.0,900.0,1200.0,13.0,0.312601,23.6501
45300,31.0322,900.0,900.0,1200.0,13.0,0.312759,23.6044
45360,31.0451,900.0,900.0,1200.0,13.0,0.312917,23.5791
45420,31.0579,900.0,900.0,1200.0,13.0,0.313073,23.602
45480,31.0706,900.0,900.0,1200.0,13.0,0.313228,23.6224
45540,31.0832,900.0,900.0,1200.0,13.0,0.313382,23.6391
45600,31.0958,900.0,900.0,1200.0,13.0,0.313535,23.6158
45660,31.1082,900.0,900.0,1200.0,13.0,0.313687,23.5733
45720,31.1206,900.0,900.0,1200.0,13.0,0.313838,23.6178
45780,31.1329,900.0,900.0,1200.0,13.0,0.313988,23.5976
45840,31.1452,900.0,900.0,1200.0,13.0,0.314137,23.5535
45900,31.1573,900.0,900.0,1200.0,13.0,0.314284,23.5993
45960,31.1694,900.0,900.0,1200.0,13.0,0.314431,23.5785
46020,31.1814,900.0,900.0,1200.0,13.0,0.314577,23.6403
46080,31.1934,900.0,900.0,1200.0,13.0,0.314721,23.6822
46140,31.2052,900.0,900.0,1200.0,13.0,0.314865,23.6808
46200,31.217,900.0,900.0,1200.0,13.0,0.315007,23.609
46260,31.2286,900.0,900.0,1200.0,13.0,0.315149,23.6134
46320,31.2402,900.0,900.0,1200.0,13.0,0.31529,23.6492
46380,31.2518,900.0,900.0,1200.0,13.0,0.315429,23.6616
46440,31.2632,900.0,900.0,1200.0,13.0,0.315568,23.6183
46500,31.2746,900.0,900.0,1200.0,13.0,0.315705,23.6277
46560,31.2858,900.0,900.0,1200.0,13.0,0.315842,23.6994
46620,31.297,900.0,900.0,1200.0,13.0,0.315978,23.631
46680,31.3081,900.0,900.0,1200.0,13.0,0.316113,23.6208
46740,31.3192,900.0,900.0,1200.0,13.0,0.316246,23.6401
46800,31.3301,900.0,900.0,1200.0,13.0,0.316379,23.655
46860,31.341,900.0,900.0,1200.0,13.0,0.316511,23.608
46920,31.3518,900.0,900.0,1200.0,13.0,0.316642,23.6323
46980,31.3625,900.0,900.0,1200.0,13.0,0.316772,23.6059
47040,31.3731,900.0,900.0,1200.0,13.0,0.316901,23.6336
47100,31.3836,900.0,900.0,1200.0,13.0,0.31703,23.6993
47160,31.3941,900.0,900.0,1200.0,13.0,0.317157,23.6663
47220,31.4045,900.0,900.0,1200.0,13.0,0.317283,23.6423
47280,31.4147,900.0,900.0,1200.0,13.0,0.317409,23.6181
47340,31.4249,900.0,900.0,1200.0,13.0,0.317533,23.6378
47400,31.4351,900.0,900.0,1200.0,13.0,0.317657,23.6797
47460,31.4451,900.0,900.0,1200.0,13.0,0.31778,23.6323
47520,31.455,900.0,900.0,1200.0,13.0,0.317902,23.6937
47580,31.4649,900.0,900.0,1200.0,13.0,0.318023,23.61
47640,31.4747,900.0,900.0,1200.0,13.0,0.318143,23.6435
47700,31.4844,900.0,900.0,1200.0,13.0,0.318262,23.7055
47760,31.494,900.0,900.0,1200.0,13.0,0.31838,23.5939
47820,31.5035,900.0,900.0,1200.0,13.0,0.318498,23.6908
47880,31.5129,900.0,900.0,1200.0,13.0,0.318615,23.6005
47940,31.5223,900.0,900.0,1200.0,13.0,0.31873,23.6543
48000,31.5315,900.0,900.0,1200.0,13.0,0.318845,23.6528
48060,31.5407,900.0,900.0,1200.0,13.0,0.318959,23.6837
48120,31.5498,900.0,900.0,1200.0,13.0,0.319072,23.5652
48180,31.5588,900.0,900.0,1200.0,13.0,0.319185,23.6033
48240,31.5677,900.0,900.0,1200.0,13.0,0.319296,23.6447
48300,31.5766,900.0,900.0,1200.0,13.0,0.319407,23.6637
48360,31.5853,900.0,900.0,1200.0,13.0,0.319516,23.6367
48420,31.594,900.0,900.0,1200.0,13.0,0.319625,23.6578
48480,31.6025,900.0,900.0,1200.0,13.0,0.319733,23.6298
48540,31.611,900.0,900.0,1200.0,13.0,0.31984,23.6542
48600,31.6194,900.0,900.0,1200.0,13.0,0.319947,23.6417
48660,31.6277,900.0,900.0,1200.0,13.0,0.320052,23.6753
48720,31.6359,900.0,900.0,1200.0,13.0,0.320157,23.6863
48780,31.644,900.0,900.0,1200.0,13.0,0.320261,23.7127
48840,31.6521,900.0,900.0,1200.0,13.0,0.320364,23.6509
48900,31.66,900.0,900.0,1200.0,13.0,0.320466,23.6619
48960,31.6679,900.0,900.0,1200.0,13.0,0.320567,23.6737
49020,31.6757,900.0,900.0,1200.0,13.0,0.320668,23.6642
49080,31.6834,900.0,900.0,1200.0,13.0,0.320767,23.6723
49140,31.691,900.0,900.0,1200.0,13.0,0.320866,23.6278
49200,31.6985,900.0,900.0,1200.0,13.0,0.320964,23.6867
49260,31.7059,900.0,900.0,1200.0,13.0,0.321061,23.6489
49320,31.7132,900.0,900.0,1200.0,13.0,0.321157,23.6484
49380,31.7204,900.0,900.0,1200.0,13.0,0.321253,23.6303
49440,31.7276,900.0,900.0,1200.0,13.0,0.321348,23.7135
49500,31.7347,900.0,900.0,1200.0,13.0,0.321441,23.6752
49560,31.7416,900.0,900.0,1200.0,13.0,0.321534,23.7147
49620,31.7485,900.0,900.0,1200.0,13.0,0.321627,23.6892
49680,31.7553,900.0,900.0,1200.0,13.0,0.321718,23.6306
49740,31.762,900.0,900.0,1200.0,13.0,0.321809,23.65
49800,31.7686,900.0,900.0,1200.0,13.0,0.321898,23.706
49860,31.7751,900.0,900.0,1200.0,13.0,0.321987,23.661
49920,31.7815,900.0,900.0,1200.0,13.0,0.322075,23.652
49980,31.7879,900.0,900.0,1200.0,13.0,0.322163,23.68
50040,31.7941,900.0,900.0,1200.0,13.0,0.322249,23.6808
50100,31.8002,900.0,900.0,1200.0,13.0,0.322335,23.6565
50160,31.8063,900.0,900.0,1200.0,13.0,0.32242,23.6777
50220,31.8123,900.0,900.0,1200.0,13.0,0.322504,23.6739
50280,31.8182,900.0,900.0,1200.0,13.0,0.322587,23.6112
50340,31.8239,900.0,900.0,1200.0,13.0,0.322669,23.7047
50400,31.8296,900.0,900.0,1200.0,13.0,0.322751,23.6659
50460,31.8352,900.0,900.0,1200.0,13.0,0.322831,23.7301
50520,31.8407,900.0,900.0,1200.0,13.0,0.322911,23.6571
50580,31.8462,900.0,900.0,1200.0,13.0,0.322991,23.6449
50640,31.8515,900.0,900.0,1200.0,13.0,0.323069,23.7285
50700,31.8567,900.0,900.0,1200.0,13.0,0.323146,23.646
50760,31.8618,900.0,900.0,1200.0,13.0,0.323223,23.6751
50820,31.8669,900.0,900.0,1200.0,13.0,0.323299,23.7127
50880,31.8719,900.0,900.0,1200.0,13.0,0.323374,23.6855
50940,31.8767,900.0,900.0,1200.0,13.0,0.323448,23.6463
51000,31.8815,900.0,900.0,1200.0,13.0,0.323522,23.7023
51060,31.8862,900.0,900.0,1200.0,13.0,0.323594,23.6914
51120,31.8907,900.0,900.0,1200.0,13.0,0.323666,23.7363
51180,31.8952,900.0,900.0,1200.0,13.0,0.323737,23.7161
51240,31.8996,900.0,900.0,1200.0,13.0,0.323807,23.79
51300,31.9039,900.0,900.0,1200.0,13.0,0.323877,23.6502
51360,31.9081,900.0,900.0,1200.0,13.0,0.323945,23.6995
51420,31.9123,900.0,900.0,1200.0,13.0,0.324013,23.6687
51480,31.9163,900.0,900.0,1200.0,13.0,0.32408,23.7359
51540,31.9202,900.0,900.0,1200.0,13.0,0.324146,23.7264
51600,31.924,900.0,900.0,1200.0,13.0,0.324211,23.7249
51660,31.9278,900.0,900.0,1200.0,13.0,0.324276,23.6795
51720,31.9314,900.0,900.0,1200.0,13.0,0.32434,23.681
51780,31.935,900.0,900.0,1200.0,13.0,0.324402,23.643
51840,31.9384,900.0,900.0,1200.0,13.0,0.324465,23.7557
51900,31.9418,900.0,900.0,1200.0,13.0,0.324526,23.7201
51960,31.9451,900.0,900.0,1200.0,13.0,0.324586,23.6976
52020,31.9483,900.0,900.0,1200.0,13.0,0.324646,23.7339
52080,31.9513,900.0,900.0,1200.0,13.0,0.324705,23.7289
52140,31.9543,900.0,900.0,1200.0,13.0,0.324763,23.7361
52200,31.9572,900.0,900.0,1200.0,13.0,0.32482,23.6586
52260,31.96,900.0,900.0,1200.0,13.0,0.324876,23.6864
52320,31.9627,900.0,900.0,1200.0,13.0,0.324932,23.7141
52380,31.9653,900.0,900.0,1200.0,13.0,0.324987,23.7193
52440,31.9679,900.0,900.0,1200.0,13.0,0.325041,23.7378
52500,31.9703,900.0,900.0,1200.0,13.0,0.325094,23.6793
52560,31.9726,900.0,900.0,1200.0,13.0,0.325146,23.7138
52620,31.9748,900.0,900.0,1200.0,13.0,0.325198,23.7766
52680,31.977,900.0,900.0,1200.0,13.0,0.325248,23.7316
52740,31.979,900.0,900.0,1200.0,13.0,0.325298,23.7373
52800,31.981,900.0,900.0,1200.0,13.0,0.325347,23.7111
52860,31.9828,900.0,900.0,1200.0,13.0,0.325396,23.7351
52920,31.9846,900.0,900.0,1200.0,13.0,0.325443,23.7665
52980,31.9863,900.0,900.0,1200.0,13.0,0.32549,23.716
53040,31.9878,900.0,900.0,1200.0,13.0,0.325536,23.7499
53100,31.9893,900.0,900.0,1200.0,13.0,0.325581,23.6873
53160,31.9907,900.0,900.0,1200.0,13.0,0.325625,23.7316
53220,31.992,900.0,900.0,1200.0,13.0,0.325668,23.7414
53280,31.9931,900.0,900.0,1200.0,13.0,0.325711,23.692
53340,31.9942,900.0,900.0,1200.0,13.0,0.325753,23.7479
53400,31.9952,900.0,900.0,1200.0,13.0,0.325794,23.695
53460,31.9961,900.0,900.0,1200.0,13.0,0.325834,23.6915
53520,31.997,900.0,900.0,1200.0,13.0,0.325873,23.7159
53580,31.9977,900.0,900.0,1200.0,13.0,0.325912,23.7742
53640,31.9983,900.0,900.0,1200.0,13.0,0.325949,23.7258
53700,31.9988,900.0,900.0,1200.0,13.0,0.325986,23.7449
53760,31.9992,900.0,900.0,1200.0,13.0,0.326022,23.6952
53820,31.9996,900.0,900.0,1200.0,13.0,0.326058,23.7198
53880,31.9998,900.0,900.0,1200.0,13.0,0.326092,23.6824
53940,32.0,900.0,900.0,1200.0,13.0,0.326126,23.7009
54000,32.0,900.0,900.0,1200.0,13.0,0.326158,23.7433
54060,32.0,900.0,900.0,1200.0,13.0,0.32619,23.7174
54120,31.9998,900.0,900.0,1200.0,13.0,0.326222,23.7623
54180,31.9996,900.0,900.0,1200.0,13.0,0.326252,23.7129
54240,31.9992,900.0,900.0,1200.0,13.0,0.326281,23.7133
54300,31.9988,900.0,900.0,1200.0,13.0,0.32631,23.7578
54360,31.9983,900.0,900.0,1200.0,13.0,0.326338,23.7003
54420,31.9977,900.0,900.0,1200.0,13.0,0.326365,23.6743
54480,31.997,900.0,900.0,1200.0,13.0,0.326392,23.7592
54540,31.9961,900.0,900.0,1200.0,13.0,0.326417,23.7328
54600,31.9952,900.0,900.0,1200.0,13.0,0.326442,23.6556
54660,31.9942,900.0,900.0,1200.0,13.0,0.326465,23.7221
54720,31.9931,900.0,900.0,1200.0,13.0,0.326489,23.7088
54780,31.992,900.0,900.0,1200.0,13.0,0.326511,23.7734
54840,31.9907,900.0,900.0,1200.0,13.0,0.326532,23.6994
54900,31.9893,900.0,900.0,1200.0,13.0,0.326553,23.704
54960,31.9878,900.0,900.0,1200.0,13.0,0.326572,23.6943
55020,31.9863,900.0,900.0,1200.0,13.0,0.326591,23.6901
55080,31.9846,900.0,900.0,1200.0,13.0,0.32661,23.7009
55140,31.9828,900.0,900.0,1200.0,13.0,0.326627,23.679
55200,31.981,900.0,900.0,1200.0,13.0,0.326643,23.6912
55260,31.979,900.0,900.0,1200.0,13.0,0.326659,23.6741
55320,31.977,900.0,900.0,1200.0,13.0,0.326674,23.6775
55380,31.9748,900.0,900.0,1200.0,13.0,0.326688,23.6757
55440,31.9726,900.0,900.0,1200.0,13.0,0.326701,23.707
55500,31.9703,900.0,900.0,1200.0,13.0,0.326714,23.7022
55560,31.9679,900.0,900.0,1200.0,13.0,0.326725,23.686
55620,31.9653,900.0,900.0,1200.0,13.0,0.326736,23.7372
55680,31.9627,900.0,900.0,1200.0,13.0,0.326746,23.7215
55740,31.96,900.0,900.0,1200.0,13.0,0.326755,23.7101
55800,31.9572,900.0,900.0,1200.0,13.0,0.326763,23.7092
55860,31.9543,900.0,900.0,1200.0,13.0,0.326771,23.7709
55920,31.9513,900.0,900.0,1200.0,13.0,0.326778,23.7304
55980,31.9483,900.0,900.0,1200.0,13.0,0.326784,23.7375
56040,31.9451,900.0,900.0,1200.0,13.0,0.326789,23.6457
56100,31.9418,900.0,900.0,1200.0,13.0,0.326793,23.7037
56160,31.9384,900.0,900.0,1200.0,13.0,0.326796,23.6582
56220,31.935,900.0,900.0,1200.0,13.0,0.326799,23.7106
56280,31.9314,900.0,900.0,1200.0,13.0,0.326801,23.7345
56340,31.9278,900.0,900.0,1200.0,13.0,0.326802,23.7031
56400,31.924,900.0,900.0,1200.0,13.0,0.326802,23.7389
56460,31.9202,900.0,900.0,1200.0,13.0,0.326802,23.6927
56520,31.9163,900.0,900.0,1200.0,13.0,0.3268,23.7406
56580,31.9123,900.0,900.0,1200.0,13.0,0.326798,23.6767
56640,31.9081,900.0,900.0,1200.0,13.0,0.326795,23.7154
56700,31.9039,900.0,900.0,1200.0,13.0,0.326791,23.7358
56760,31.8996,900.0,900.0,1200.0,13.0,0.326786,23.7393
56820,31.8952,900.0,900.0,1200.0,13.0,0.326781,23.7193
56880,31.8907,900.0,900.0,1200.0,13.0,0.326774,23.7813
56940,31.8862,900.0,900.0,1200.0,13.0,0.326767,23.7106
57000,31.8815,900.0,900.0,1200.0,13.0,0.326759,23.7094
57060,31.8767,900.0,900.0,1200.0,13.0,0.326751,23.6401
57120,31.8719,900.0,900.0,1200.0,13.0,0.326741,23.7758
57180,31.8669,900.0,900.0,1200.0,13.0,0.326731,23.7116
57240,31.8618,900.0,900.0,1200.0,13.0,0.32672,23.6873
57300,31.8567,900.0,900.0,1200.0,13.0,0.326708,23.7621
57360,31.8515,900.0,900.0,1200.0,13.0,0.326695,23.7594
57420,31.8462,900.0,900.0,1200.0,13.0,0.326681,23.7255
57480,31.8407,900.0,900.0,1200.0,13.0,0.326667,23.6791
57540,31.8352,900.0,900.0,1200.0,13.0,0.326652,23.7345
57600,31.8296,900.0,900.0,1200.0,13.0,0.326636,23.7032
57660,31.8239,900.0,900.0,1200.0,13.0,0.326619,23.6866
57720,31.8182,900.0,900.0,1200.0,13.0,0.326601,23.7528
57780,31.8123,900.0,900.0,1200.0,13.0,0.326583,23.6574
57840,31.8063,900.0,900.0,1200.0,13.0,0.326564,23.7382
57900,31.8002,900.0,900.0,1200.0,13.0,0.326544,23.7348
57960,31.7941,900.0,900.0,1200.0,13.0,0.326523,23.7824
58020,31.7879,900.0,900.0,1200.0,13.0,0.326501,23.7304
58080,31.7815,900.0,900.0,1200.0,13.0,0.326479,23.6587
58140,31.7751,900.0,900.0,1200.0,13.0,0.326455,23.6952
58200,31.7686,900.0,900.0,1200.0,13.0,0.326431,23.722
58260,31.762,900.0,900.0,1200.0,13.0,0.326406,23.7305
58320,31.7553,900.0,900.0,1200.0,13.0,0.326381,23.749
58380,31.7485,900.0,900.0,1200.0,13.0,0.326354,23.6606
58440,31.7416,900.0,900.0,1200.0,13.0,0.326327,23.7093
58500,31.7347,900.0,900.0,1200.0,13.0,0.326299,23.748
58560,31.7276,900.0,900.0,1200.0,13.0,0.32627,23.765
58620,31.7204,900.0,900.0,1200.0,13.0,0.326241,23.7742
58680,31.7132,900.0,900.0,1200.0,13.0,0.32621,23.7065
58740,31.7059,900.0,900.0,1200.0,13.0,0.326179,23.7508
58800,31.6985,900.0,900.0,1200.0,13.0,0.326147,23.769
58860,31.691,900.0,900.0,1200.0,13.0,0.326114,23.7533
58920,31.6834,900.0,900.0,1200.0,13.0,0.32608,23.7388
58980,31.6757,900.0,900.0,1200.0,13.0,0.326046,23.7416
59040,31.6679,900.0,900.0,1200.0,13.0,0.326011,23.6928
59100,31.66,900.0,900.0,1200.0,13.0,0.325975,23.6727
59160,31.6521,900.0,900.0,1200.0,13.0,0.325938,23.7453
59220,31.644,900.0,900.0,1200.0,13.0,0.3259,23.7051
59280,31.6359,900.0,900.0,1200.0,13.0,0.325862,23.7143
59340,31.6277,900.0,900.0,1200.0,13.0,0.325823,23.6975
59400,31.6194,900.0,900.0,1200.0,13.0,0.325783,23.7027
59460,31.611,900.0,900.0,1200.0,13.0,0.325742,23.7212
59520,31.6025,900.0,900.0,1200.0,13.0,0.3257,23.6832
59580,31.594,900.0,900.0,1200.0,13.0,0.325658,23.7155
59640,31.5853,900.0,900.0,1200.0,13.0,0.325615,23.7205
59700,31.5766,900.0,900.0,1200.0,13.0,0.325571,23.7104
59760,31.5677,900.0,900.0,1200.0,13.0,0.325526,23.69
59820,31.5588,900.0,900.0,1200.0,13.0,0.325481,23.7356
59880,31.5498,900.0,900.0,1200.0,13.0,0.325435,23.7677
59940,31.5407,900.0,900.0,1200.0,13.0,0.325387,23.6931
60000,31.5315,900.0,900.0,1200.0,13.0,0.32534,23.7478
60060,31.5223,900.0,900.0,1200.0,13.0,0.325291,23.737
60120,31.5129,900.0,900.0,1200.0,13.0,0.325242,23.6303
60180,31.5035,900.0,900.0,1200.0,13.0,0.325191,23.6867
60240,31.494,900.0,900.0,1200.0,13.0,0.325141,23.69
60300,31.4844,900.0,900.0,1200.0,13.0,0.325089,23.7321
60360,31.4747,900.0,900.0,1200.0,13.0,0.325036,23.7138
60420,31.4649,900.0,900.0,1200.0,13.0,0.324983,23.722
60480,31.455,900.0,900.0,1200.0,13.0,0.324929,23.7264
60540,31.4451,900.0,900.0,1200.0,13.0,0.324874,23.6799
60600,31.4351,900.0,900.0,1200.0,13.0,0.324819,23.684
60660,31.4249,900.0,900.0,1200.0,13.0,0.324762,23.6692
60720,31.4147,900.0,900.0,1200.0,13.0,0.324705,23.7003
60780,31.4045,900.0,900.0,1200.0,13.0,0.324647,23.7013
60840,31.3941,900.0,900.0,1200.0,13.0,0.324589,23.7095
60900,31.3836,900.0,900.0,1200.0,13.0,0.324529,23.6821
60960,31.3731,900.0,900.0,1200.0,13.0,0.324469,23.7306
61020,31.3625,900.0,900.0,1200.0,13.0,0.324408,23.7304
61080,31.3518,900.0,900.0,1200.0,13.0,0.324346,23.7488
61140,31.341,900.0,900.0,1200.0,13.0,0.324284,23.7232
61200,31.3301,900.0,900.0,1200.0,13.0,0.324221,23.7069
61260,31.3192,900.0,900.0,1200.0,13.0,0.324157,23.7209
61320,31.3081,900.0,900.0,1200.0,13.0,0.324092,23.7185
61380,31.297,900.0,900.0,1200.0,13.0,0.324026,23.6801
61440,31.2858,900.0,900.0,1200.0,13.0,0.32396,23.7378
61500,31.2746,900.0,900.0,1200.0,13.0,0.323893,23.7501
61560,31.2632,900.0,900.0,1200.0,13.0,0.323825,23.7573
61620,31.2518,900.0,900.0,1200.0,13.0,0.323757,23.6985
61680,31.2402,900.0,900.0,1200.0,13.0,0.323687,23.7065
61740,31.2286,900.0,900.0,1200.0,13.0,0.323617,23.7087
61800,31.217,900.0,900.0,1200.0,13.0,0.323547,23.6955
61860,31.2052,900.0,900.0,1200.0,13.0,0.323475,23.7136
61920,31.1934,900.0,900.0,1200.0,13.0,0.323403,23.6908
61980,31.1814,900.0,900.0,1200.0,13.0,0.32333,23.688
62040,31.1694,900.0,900.0,1200.0,13.0,0.323256,23.7459
62100,31.1573,900.0,900.0,1200.0,13.0,0.323181,23.6975
62160,31.1452,900.0,900.0,1200.0,13.0,0.323106,23.6939
62220,31.1329,900.0,900.0,1200.0,13.0,0.32303,23.7177
62280,31.1206,900.0,900.0,1200.0,13.0,0.322953,23.6951
62340,31.1082,900.0,900.0,1200.0,13.0,0.322876,23.6987
62400,31.0958,900.0,900.0,1200.0,13.0,0.322798,23.6874
62460,31.0832,900.0,900.0,1200.0,13.0,0.322719,23.652
62520,31.0706,900.0,900.0,1200.0,13.0,0.322639,23.6871
62580,31.0579,900.0,900.0,1200.0,13.0,0.322559,23.6532
62640,31.0451,900.0,900.0,1200.0,13.0,0.322478,23.6929
62700,31.0322,900.0,900.0,1200.0,13.0,0.322396,23.6505
62760,31.0193,900.0,900.0,1200.0,13.0,0.322313,23.7127
62820,31.0063,900.0,900.0,1200.0,13.0,0.32223,23.707
62880,30.9932,900.0,900.0,1200.0,13.0,0.322146,23.6923
62940,30.98,900.0,900.0,1200.0,13.0,0.322061,23.6801
63000,30.9668,900.0,900.0,1200.0,13.0,0.321976,23.6949
63060,30.9534,900.0,900.0,1200.0,13.0,0.321889,23.6227
63120,30.9401,900.0,900.0,1200.0,13.0,0.321802,23.6481
63180,30.9266,900.0,900.0,1200.0,13.0,0.321715,23.6758
63240,30.913,900.0,900.0,1200.0,13.0,0.321626,23.6898
63300,30.8994,900.0,900.0,1200.0,13.0,0.321537,23.6763
63360,30.8857,900.0,900.0,1200.0,13.0,0.321448,23.6478
63420,30.872,900.0,900.0,1200.0,13.0,0.321357,23.6812
63480,30.8581,900.0,900.0,1200.0,13.0,0.321266,23.6628
63540,30.8442,900.0,900.0,1200.0,13.0,0.321174,23.6436
63600,30.8302,900.0,900.0,1200.0,13.0,0.321081,23.6848
63660,30.8162,900.0,900.0,1200.0,13.0,0.320988,23.6678
63720,30.802,900.0,900.0,1200.0,13.0,0.320894,23.7092
63780,30.7878,900.0,900.0,1200.0,13.0,0.320799,23.6925
63840,30.7735,900.0,900.0,1200.0,13.0,0.320704,23.6938
63900,30.7592,900.0,900.0,1200.0,13.0,0.320608,23.6806
63960,30.7448,900.0,900.0,1200.0,13.0,0.320511,23.6448
64020,30.7303,900.0,900.0,1200.0,13.0,0.320413,23.6412
64080,30.7157,900.0,900.0,1200.0,13.0,0.320315,23.6243
64140,30.7011,900.0,900.0,1200.0,13.0,0.320216,23.754
64200,30.6864,900.0,900.0,1200.0,13.0,0.320117,23.6344
64260,30.6716,900.0,900.0,1200.0,13.0,0.320016,23.6597
64320,30.6568,900.0,900.0,1200.0,13.0,0.319915,23.6543
64380,30.6419,900.0,900.0,1200.0,13.0,0.319814,23.6558
64440,30.6269,900.0,900.0,1200.0,13.0,0.319711,23.6459
64500,30.6118,900.0,900.0,1200.0,13.0,0.319608,23.6065
64560,30.5967,900.0,900.0,1200.0,13.0,0.319505,23.6317
64620,30.5815,900.0,900.0,1200.0,13.0,0.3194,23.6191
64680,30.5663,900.0,900.0,1200.0,13.0,0.319295,23.6561
64740,30.5509,900.0,900.0,1200.0,13.0,0.319189,23.6385
64800,30.5355,150.0,150.0,200.0,16.0,0.319083,23.6214
64860,30.5201,150.0,150.0,200.0,16.0,0.31704,23.6318
64920,30.5045,150.0,150.0,200.0,16.0,0.315034,23.5914
64980,30.489,150.0,150.0,200.0,16.0,0.313064,23.6207
65040,30.4733,150.0,150.0,200.0,16.0,0.311129,23.5653
65100,30.4576,150.0,150.0,200.0,16.0,0.309229,23.5681
65160,30.4418,150.0,150.0,200.0,16.0,0.307362,23.5063
65220,30.4259,150.0,150.0,200.0,16.0,0.305528,23.5508
65280,30.41,150.0,150.0,200.0,16.0,0.303726,23.5041
65340,30.394,150.0,150.0,200.0,16.0,0.301956,23.5141
65400,30.378,150.0,150.0,200.0,16.0,0.300216,23.4975
65460,30.3618,150.0,150.0,200.0,16.0,0.298506,23.4683
65520,30.3457,150.0,150.0,200.0,16.0,0.296826,23.4663
65580,30.3294,150.0,150.0,200.0,16.0,0.295174,23.4347
65640,30.3131,150.0,150.0,200.0,16.0,0.29355,23.4733
65700,30.2967,150.0,150.0,200.0,16.0,0.291953,23.4479
65760,30.2803,150.0,150.0,200.0,16.0,0.290383,23.4215
65820,30.2638,150.0,150.0,200.0,16.0,0.28884,23.3589
65880,30.2472,150.0,150.0,200.0,16.0,0.287322,23.3489
65940,30.2306,150.0,150.0,200.0,16.0,0.285829,23.3498
66000,30.2139,150.0,150.0,200.0,16.0,0.28436,23.3503
66060,30.1972,150.0,150.0,200.0,16.0,0.282915,23.3592
66120,30.1804,150.0,150.0,200.0,16.0,0.281494,23.3072
66180,30.1635,150.0,150.0,200.0,16.0,0.280096,23.358
66240,30.1466,150.0,150.0,200.0,16.0,0.27872,23.3115
66300,30.1296,150.0,150.0,200.0,16.0,0.277366,23.2399
66360,30.1126,150.0,150.0,200.0,16.0,0.276033,23.2751
66420,30.0955,150.0,150.0,200.0,16.0,0.274722,23.201
66480,30.0783,150.0,150.0,200.0,16.0,0.273431,23.2454
66540,30.0611,150.0,150.0,200.0,16.0,0.27216,23.2411
66600,30.0438,150.0,150.0,200.0,16.0,0.270909,23.229
66660,30.0265,150.0,150.0,200.0,16.0,0.269677,23.2274
66720,30.0091,150.0,150.0,200.0,16.0,0.268463,23.2154
66780,29.9916,150.0,150.0,200.0,16.0,0.267269,23.1996
66840,29.9741,150.0,150.0,200.0,16.0,0.266092,23.2528
66900,29.9565,150.0,150.0,200.0,16.0,0.264933,23.2347
66960,29.9389,150.0,150.0,200.0,16.0,0.263791,23.1546
67020,29.9212,150.0,150.0,200.0,16.0,0.262666,23.2173
67080,29.9035,150.0,150.0,200.0,16.0,0.261558,23.1219
67140,29.8857,150.0,150.0,200.0,16.0,0.260466,23.1371
67200,29.8679,150.0,150.0,200.0,16.0,0.259389,23.1985
67260,29.85,150.0,150.0,200.0,16.0,0.258329,23.0768
67320,29.832,150.0,150.0,200.0,16.0,0.257283,23.1527
67380,29.814,150.0,150.0,200.0,16.0,0.256253,23.0894
67440,29.796,150.0,150.0,200.0,16.0,0.255237,23.1143
67500,29.7779,150.0,150.0,200.0,16.0,0.254235,23.105
67560,29.7597,150.0,150.0,200.0,16.0,0.253247,23.1532
67620,29.7415,150.0,150.0,200.0,16.0,0.252273,23.07
67680,29.7232,150.0,150.0,200.0,16.0,0.251313,23.0843
67740,29.7049,150.0,150.0,200.0,16.0,0.250365,23.0974
67800,29.6865,150.0,150.0,200.0,16.0,0.249431,23.0634
67860,29.6681,150.0,150.0,200.0,16.0,0.248509,23.0387
67920,29.6496,150.0,150.0,200.0,16.0,0.247599,23.0541
67980,29.6311,150.0,150.0,200.0,16.0,0.246701,23.0513
68040,29.6125,150.0,150.0,200.0,16.0,0.245816,23.0677
68100,29.5939,150.0,150.0,200.0,16.0,0.244942,23.0057
68160,29.5752,150.0,150.0,200.0,16.0,0.244079,23.0134
68220,29.5565,150.0,150.0,200.0,16.0,0.243227,23.0296
68280,29.5377,150.0,150.0,200.0,16.0,0.242387,23.008
68340,29.5189,150.0,150.0,200.0,16.0,0.241556,23.0006
68400,29.5,150.0,150.0,200.0,16.0,0.240737,22.9989
68460,29.4811,150.0,150.0,200.0,16.0,0.239928,22.9719
68520,29.4621,150.0,150.0,200.0,16.0,0.239128,22.9622
68580,29.4431,150.0,150.0,200.0,16.0,0.238339,22.9929
68640,29.424,150.0,150.0,200.0,16.0,0.237559,22.9404
68700,29.4049,150.0,150.0,200.0,16.0,0.236789,23.0019
68760,29.3858,150.0,150.0,200.0,16.0,0.236028,22.9671
68820,29.3666,150.0,150.0,200.0,16.0,0.235276,22.9161
68880,29.3474,150.0,150.0,200.0,16.0,0.234532,22.9568
68940,29.3281,150.0,150.0,200.0,16.0,0.233798,22.9473
69000,29.3087,150.0,150.0,200.0,16.0,0.233072,22.9592
69060,29.2894,150.0,150.0,200.0,16.0,0.232354,22.9651
69120,29.27,150.0,150.0,200.0,16.0,0.231645,22.9135
69180,29.2505,150.0,150.0,200.0,16.0,0.230943,22.8975
69240,29.231,150.0,150.0,200.0,16.0,0.23025,22.8949
69300,29.2114,150.0,150.0,200.0,16.0,0.229564,22.8779
69360,29.1919,150.0,150.0,200.0,16.0,0.228886,22.8794
69420,29.1722,150.0,150.0,200.0,16.0,0.228215,22.9048
69480,29.1526,150.0,150.0,200.0,16.0,0.227551,22.8912
69540,29.1328,150.0,150.0,200.0,16.0,0.226895,22.8706
69600,29.1131,150.0,150.0,200.0,16.0,0.226245,22.8579
69660,29.0933,150.0,150.0,200.0,16.0,0.225602,22.8852
69720,29.0735,150.0,150.0,200.0,16.0,0.224966,22.8544
69780,29.0536,150.0,150.0,200.0,16.0,0.224336,22.8331
69840,29.0337,150.0,150.0,200.0,16.0,0.223713,22.8546
69900,29.0137,150.0,150.0,200.0,16.0,0.223096,22.8461
69960,28.9937,150.0,150.0,200.0,16.0,0.222486,22.8169
70020,28.9737,150.0,150.0,200.0,16.0,0.221881,22.8688
70080,28.9537,150.0,150.0,200.0,16.0,0.221282,22.8645
70140,28.9336,150.0,150.0,200.0,16.0,0.220689,22.8354
70200,28.9134,150.0,150.0,200.0,16.0,0.220102,22.8333
70260,28.8932,150.0,150.0,200.0,16.0,0.21952,22.8404
70320,28.873,150.0,150.0,200.0,16.0,0.218944,22.8188
70380,28.8528,150.0,150.0,200.0,16.0,0.218373,22.8418
70440,28.8325,150.0,150.0,200.0,16.0,0.217807,22.8601
70500,28.8122,150.0,150.0,200.0,16.0,0.217246,22.8082
70560,28.7918,150.0,150.0,200.0,16.0,0.216691,22.8144
70620,28.7715,150.0,150.0,200.0,16.0,0.21614,22.8228
70680,28.751,150.0,150.0,200.0,16.0,0.215594,22.782
70740,28.7306,150.0,150.0,200.0,16.0,0.215053,22.7538
70800,28.7101,150.0,150.0,200.0,16.0,0.214517,22.8104
70860,28.6896,150.0,150.0,200.0,16.0,0.213985,22.7317
70920,28.669,150.0,150.0,200.0,16.0,0.213457,22.8281
70980,28.6485,150.0,150.0,200.0,16.0,0.212934,22.7962
71040,28.6278,150.0,150.0,200.0,16.0,0.212415,22.7715
71100,28.6072,150.0,150.0,200.0,16.0,0.211901,22.7631
71160,28.5865,150.0,150.0,200.0,16.0,0.21139,22.8099
71220,28.5658,150.0,150.0,200.0,16.0,0.210884,22.7248
71280,28.5451,150.0,150.0,200.0,16.0,0.210381,22.7142
71340,28.5243,150.0,150.0,200.0,16.0,0.209882,22.727
71400,28.5035,150.0,150.0,200.0,16.0,0.209387,22.7329
71460,28.4827,150.0,150.0,200.0,16.0,0.208896,22.7065
71520,28.4619,150.0,150.0,200.0,16.0,0.208409,22.7373
71580,28.441,150.0,150.0,200.0,16.0,0.207925,22.7328
71640,28.4201,150.0,150.0,200.0,16.0,0.207444,22.7003
71700,28.3991,150.0,150.0,200.0,16.0,0.206967,22.7689
71760,28.3782,150.0,150.0,200.0,16.0,0.206493,22.6751
71820,28.3572,150.0,150.0,200.0,16.0,0.206023,22.6747
71880,28.3362,150.0,150.0,200.0,16.0,0.205555,22.7204
71940,28.3152,150.0,150.0,200.0,16.0,0.205091,22.699
72000,28.2941,150.0,150.0,200.0,16.0,0.20463,22.714
72060,28.273,150.0,150.0,200.0,16.0,0.204172,22.6791
72120,28.2519,150.0,150.0,200.0,16.0,0.203717,22.6629
72180,28.2308,150.0,150.0,200.0,16.0,0.203265,22.6708
72240,28.2096,150.0,150.0,200.0,16.0,0.202816,22.6659
72300,28.1884,150.0,150.0,200.0,16.0,0.202369,22.6985
72360,28.1672,150.0,150.0,200.0,16.0,0.201925,22.6646
72420,28.146,150.0,150.0,200.0,16.0,0.201484,22.6982
72480,28.1248,150.0,150.0,200.0,16.0,0.201046,22.6894
72540,28.1035,150.0,150.0,200.0,16.0,0.20061,22.6994
72600,28.0822,150.0,150.0,200.0,16.0,0.200176,22.6916
72660,28.0609,150.0,150.0,200.0,16.0,0.199746,22.6845
72720,28.0396,150.0,150.0,200.0,16.0,0.199317,22.6805
72780,28.0182,150.0,150.0,200.0,16.0,0.198891,22.6384
72840,27.9968,150.0,150.0,200.0,16.0,0.198467,22.6425
72900,27.9755,150.0,150.0,200.0,16.0,0.198045,22.592
72960,27.954,150.0,150.0,200.0,16.0,0.197626,22.6522
73020,27.9326,150.0,150.0,200.0,16.0,0.197209,22.6197
73080,27.9112,150.0,150.0,200.0,16.0,0.196794,22.6486
73140,27.8897,150.0,150.0,200.0,16.0,0.196381,22.6489
73200,27.8682,150.0,150.0,200.0,16.0,0.19597,22.5891
73260,27.8467,150.0,150.0,200.0,16.0,0.195561,22.5959
73320,27.8252,150.0,150.0,200.0,16.0,0.195154,22.6124
73380,27.8037,150.0,150.0,200.0,16.0,0.194749,22.604
73440,27.7822,150.0,150.0,200.0,16.0,0.194346,22.6212
73500,27.7606,150.0,150.0,200.0,16.0,0.193945,22.5782
73560,27.739,150.0,150.0,200.0,16.0,0.193545,22.611
73620,27.7175,150.0,150.0,200.0,16.0,0.193148,22.5556
73680,27.6959,150.0,150.0,200.0,16.0,0.192752,22.5383
73740,27.6743,150.0,150.0,200.0,16.0,0.192358,22.6212
73800,27.6526,150.0,150.0,200.0,16.0,0.191965,22.5573
73860,27.631,150.0,150.0,200.0,16.0,0.191574,22.5764
73920,27.6093,150.0,150.0,200.0,16.0,0.191185,22.5475
73980,27.5877,150.0,150.0,200.0,16.0,0.190797,22.5445
74040,27.566,150.0,150.0,200.0,16.0,0.190411,22.5716
74100,27.5443,150.0,150.0,200.0,16.0,0.190026,22.5681
74160,27.5226,150.0,150.0,200.0,16.0,0.189643,22.6067
74220,27.5009,150.0,150.0,200.0,16.0,0.189261,22.5875
74280,27.4792,150.0,150.0,200.0,16.0,0.188881,22.563
74340,27.4575,150.0,150.0,200.0,16.0,0.188502,22.5904
74400,27.4358,150.0,150.0,200.0,16.0,0.188124,22.5981
74460,27.414,150.0,150.0,200.0,16.0,0.187748,22.5738
74520,27.3923,150.0,150.0,200.0,16.0,0.187373,22.5461
74580,27.3705,150.0,150.0,200.0,16.0,0.186999,22.5858
74640,27.3488,150.0,150.0,200.0,16.0,0.186626,22.6052
74700,27.327,150.0,150.0,200.0,16.0,0.186255,22.5689
74760,27.3052,150.0,150.0,200.0,16.0,0.185885,22.5991
74820,27.2835,150.0,150.0,200.0,16.0,0.185516,22.5707
74880,27.2617,150.0,150.0,200.0,16.0,0.185148,22.5653
74940,27.2399,150.0,150.0,200.0,16.0,0.184782,22.5041
75000,27.2181,150.0,150.0,200.0,16.0,0.184416,22.5004
75060,27.1963,150.0,150.0,200.0,16.0,0.184052,22.5293
75120,27.1745,150.0,150.0,200.0,16.0,0.183688,22.4776
75180,27.1527,150.0,150.0,200.0,16.0,0.183326,22.5069
75240,27.1309,150.0,150.0,200.0,16.0,0.182965,22.5477
75300,27.1091,150.0,150.0,200.0,16.0,0.182604,22.4988
75360,27.0873,150.0,150.0,200.0,16.0,0.182245,22.5317
75420,27.0654,150.0,150.0,200.0,16.0,0.181887,22.4722
75480,27.0436,150.0,150.0,200.0,16.0,0.181529,22.495
75540,27.0218,150.0,150.0,200.0,16.0,0.181173,22.5375
75600,27.0,150.0,150.0,200.0,16.0,0.180817,22.5101
75660,26.9782,150.0,150.0,200.0,16.0,0.180462,22.5096
75720,26.9564,150.0,150.0,200.0,16.0,0.180109,22.5491
75780,26.9346,150.0,150.0,200.0,16.0,0.18,22.5339
75840,26.9127,150.0,150.0,200.0,16.0,0.18,22.4657
75900,26.8909,150.0,150.0,200.0,16.0,0.18,22.5285
75960,26.8691,150.0,150.0,200.0,16.0,0.18,22.4675
76020,26.8473,150.0,150.0,200.0,16.0,0.18,22.4824
76080,26.8255,150.0,150.0,200.0,16.0,0.18,22.4803
76140,26.8037,150.0,150.0,200.0,16.0,0.18,22.5089
76200,26.7819,150.0,150.0,200.0,16.0,0.18,22.4397
76260,26.7601,150.0,150.0,200.0,16.0,0.18,22.484
76320,26.7383,150.0,150.0,200.0,16.0,0.18,22.4829
76380,26.7165,150.0,150.0,200.0,16.0,0.18,22.4883
76440,26.6948,150.0,150.0,200.0,16.0,0.18,22.4545
76500,26.673,150.0,150.0,200.0,16.0,0.18,22.4876
76560,26.6512,150.0,150.0,200.0,16.0,0.18,22.4329
76620,26.6295,150.0,150.0,200.0,16.0,0.18,22.4853
76680,26.6077,150.0,150.0,200.0,16.0,0.18,22.4581
76740,26.586,150.0,150.0,200.0,16.0,0.18,22.4022
76800,26.5642,150.0,150.0,200.0,16.0,0.18,22.453
76860,26.5425,150.0,150.0,200.0,16.0,0.18,22.4428
76920,26.5208,150.0,150.0,200.0,16.0,0.18,22.4233
76980,26.4991,150.0,150.0,200.0,16.0,0.18,22.4084
77040,26.4774,150.0,150.0,200.0,16.0,0.18,22.4198
77100,26.4557,150.0,150.0,200.0,16.0,0.18,22.3802
77160,26.434,150.0,150.0,200.0,16.0,0.18,22.4707
77220,26.4123,150.0,150.0,200.0,16.0,0.18,22.3826
77280,26.3907,150.0,150.0,200.0,16.0,0.18,22.393
77340,26.369,150.0,150.0,200.0,16.0,0.18,22.4436
77400,26.3474,150.0,150.0,200.0,16.0,0.18,22.4232
77460,26.3257,150.0,150.0,200.0,16.0,0.18,22.4236
77520,26.3041,150.0,150.0,200.0,16.0,0.18,22.4438
77580,26.2825,150.0,150.0,200.0,16.0,0.18,22.3852
77640,26.261,150.0,150.0,200.0,16.0,0.18,22.3595
77700,26.2394,150.0,150.0,200.0,16.0,0.18,22.4125
77760,26.2178,150.0,150.0,200.0,16.0,0.18,22.4073
77820,26.1963,150.0,150.0,200.0,16.0,0.18,22.3698
77880,26.1748,150.0,150.0,200.0,16.0,0.18,22.3378
77940,26.1533,150.0,150.0,200.0,16.0,0.18,22.4092
78000,26.1318,150.0,150.0,200.0,16.0,0.18,22.3854
78060,26.1103,150.0,150.0,200.0,16.0,0.18,22.3231
78120,26.0888,150.0,150.0,200.0,16.0,0.18,22.3838
78180,26.0674,150.0,150.0,200.0,16.0,0.18,22.3132
78240,26.046,150.0,150.0,200.0,16.0,0.18,22.3381
78300,26.0245,150.0,150.0,200.0,16.0,0.18,22.3149
78360,26.0032,150.0,150.0,200.0,16.0,0.18,22.3255
78420,25.9818,150.0,150.0,200.0,16.0,0.18,22.3156
78480,25.9604,150.0,150.0,200.0,16.0,0.18,22.3182
78540,25.9391,150.0,150.0,200.0,16.0,0.18,22.3543
78600,25.9178,150.0,150.0,200.0,16.0,0.18,22.3373
78660,25.8965,150.0,150.0,200.0,16.0,0.18,22.3433
78720,25.8752,150.0,150.0,200.0,16.0,0.18,22.3531
78780,25.854,150.0,150.0,200.0,16.0,0.18,22.305
78840,25.8328,150.0,150.0,200.0,16.0,0.18,22.3144
78900,25.8116,150.0,150.0,200.0,16.0,0.18,22.324
78960,25.7904,150.0,150.0,200.0,16.0,0.18,22.3549
79020,25.7692,150.0,150.0,200.0,16.0,0.18,22.3265
79080,25.7481,150.0,150.0,200.0,16.0,0.18,22.3367
79140,25.727,150.0,150.0,200.0,16.0,0.18,22.3216
79200,25.7059,150.0,150.0,200.0,16.0,0.18,22.3185
79260,25.6848,150.0,150.0,200.0,16.0,0.18,22.229
79320,25.6638,150.0,150.0,200.0,16.0,0.18,22.3047
79380,25.6428,150.0,150.0,200.0,16.0,0.18,22.2803
79440,25.6218,150.0,150.0,200.0,16.0,0.18,22.2712
79500,25.6009,150.0,150.0,200.0,16.0,0.18,22.2494
79560,25.5799,150.0,150.0,200.0,16.0,0.18,22.2481
79620,25.559,150.0,150.0,200.0,16.0,0.18,22.269
79680,25.5381,150.0,150.0,200.0,16.0,0.18,22.2773
79740,25.5173,150.0,150.0,200.0,16.0,0.18,22.2027
79800,25.4965,150.0,150.0,200.0,16.0,0.18,22.2497
79860,25.4757,150.0,150.0,200.0,16.0,0.18,22.2219
79920,25.4549,150.0,150.0,200.0,16.0,0.18,22.2057
79980,25.4342,150.0,150.0,200.0,16.0,0.18,22.2415
80040,25.4135,150.0,150.0,200.0,16.0,0.18,22.2154
80100,25.3928,150.0,150.0,200.0,16.0,0.18,22.2009
80160,25.3722,150.0,150.0,200.0,16.0,0.18,22.1931
80220,25.3515,150.0,150.0,200.0,16.0,0.18,22.22
80280,25.331,150.0,150.0,200.0,16.0,0.18,22.2067
80340,25.3104,150.0,150.0,200.0,16.0,0.18,22.1697
80400,25.2899,150.0,150.0,200.0,16.0,0.18,22.1726
80460,25.2694,150.0,150.0,200.0,16.0,0.18,22.1877
80520,25.249,150.0,150.0,200.0,16.0,0.18,22.2007
80580,25.2285,150.0,150.0,200.0,16.0,0.18,22.1524
80640,25.2082,150.0,150.0,200.0,16.0,0.18,22.1938
80700,25.1878,150.0,150.0,200.0,16.0,0.18,22.1498
80760,25.1675,150.0,150.0,200.0,16.0,0.18,22.2516
80820,25.1472,150.0,150.0,200.0,16.0,0.18,22.1368
80880,25.127,150.0,150.0,200.0,16.0,0.18,22.1366
80940,25.1068,150.0,150.0,200.0,16.0,0.18,22.1614
81000,25.0866,150.0,150.0,200.0,16.0,0.18,22.1237
81060,25.0664,150.0,150.0,200.0,16.0,0.18,22.1708
81120,25.0463,150.0,150.0,200.0,16.0,0.18,22.1952
81180,25.0263,150.0,150.0,200.0,16.0,0.18,22.1247
81240,25.0063,150.0,150.0,200.0,16.0,0.18,22.1367
81300,24.9863,150.0,150.0,200.0,16.0,0.18,22.1111
81360,24.9663,150.0,150.0,200.0,16.0,0.18,22.1218
81420,24.9464,150.0,150.0,200.0,16.0,0.18,22.1599
81480,24.9265,150.0,150.0,200.0,16.0,0.18,22.1388
81540,24.9067,150.0,150.0,200.0,16.0,0.18,22.08
81600,24.8869,150.0,150.0,200.0,16.0,0.18,22.1486
81660,24.8672,150.0,150.0,200.0,16.0,0.18,22.1321
81720,24.8474,150.0,150.0,200.0,16.0,0.18,22.1069
81780,24.8278,150.0,150.0,200.0,16.0,0.18,22.0676
81840,24.8081,150.0,150.0,200.0,16.0,0.18,22.0843
81900,24.7886,150.0,150.0,200.0,16.0,0.18,22.0535
81960,24.769,150.0,150.0,200.0,16.0,0.18,22.0864
82020,24.7495,150.0,150.0,200.0,16.0,0.18,22.0579
82080,24.73,150.0,150.0,200.0,16.0,0.18,21.9953
82140,24.7106,150.0,150.0,200.0,16.0,0.18,22.0851
82200,24.6913,150.0,150.0,200.0,16.0,0.18,22.058
82260,24.6719,150.0,150.0,200.0,16.0,0.18,22.0795
82320,24.6526,150.0,150.0,200.0,16.0,0.18,22.038
82380,24.6334,150.0,150.0,200.0,16.0,0.18,22.0427
82440,24.6142,150.0,150.0,200.0,16.0,0.18,22.0654
82500,24.5951,150.0,150.0,200.0,16.0,0.18,22.0384
82560,24.576,150.0,150.0,200.0,16.0,0.18,22.0303
82620,24.5569,150.0,150.0,200.0,16.0,0.18,22.113
82680,24.5379,150.0,150.0,200.0,16.0,0.18,22.0063
82740,24.5189,150.0,150.0,200.0,16.0,0.18,22.0113
82800,24.5,150.0,150.0,200.0,16.0,0.18,22.0531
82860,24.4811,150.0,150.0,200.0,16.0,0.18,21.9717
82920,24.4623,150.0,150.0,200.0,16.0,0.18,21.9594
82980,24.4435,150.0,150.0,200.0,16.0,0.18,21.9425
83040,24.4248,150.0,150.0,200.0,16.0,0.18,21.9962
83100,24.4061,150.0,150.0,200.0,16.0,0.18,21.9938
83160,24.3875,150.0,150.0,200.0,16.0,0.18,21.992
83220,24.3689,150.0,150.0,200.0,16.0,0.18,21.9239
83280,24.3504,150.0,150.0,200.0,16.0,0.18,21.9894
83340,24.3319,150.0,150.0,200.0,16.0,0.18,21.9899
83400,24.3135,150.0,150.0,200.0,16.0,0.18,21.9458
83460,24.2951,150.0,150.0,200.0,16.0,0.18,21.9444
83520,24.2768,150.0,150.0,200.0,16.0,0.18,21.9584
83580,24.2585,150.0,150.0,200.0,16.0,0.18,21.9438
83640,24.2403,150.0,150.0,200.0,16.0,0.18,21.9468
83700,24.2221,150.0,150.0,200.0,16.0,0.18,21.8896
83760,24.204,150.0,150.0,200.0,16.0,0.18,21.9116
83820,24.186,150.0,150.0,200.0,16.0,0.18,21.8751
83880,24.168,150.0,150.0,200.0,16.0,0.18,21.9251
83940,24.15,150.0,150.0,200.0,16.0,0.18,21.9167
84000,24.1321,150.0,150.0,200.0,16.0,0.18,21.8925
84060,24.1143,150.0,150.0,200.0,16.0,0.18,21.8989
84120,24.0965,150.0,150.0,200.0,16.0,0.18,21.838
84180,24.0788,150.0,150.0,200.0,16.0,0.18,21.905
84240,24.0611,150.0,150.0,200.0,16.0,0.18,21.8598
84300,24.0435,150.0,150.0,200.0,16.0,0.18,21.8723
84360,24.0259,150.0,150.0,200.0,16.0,0.18,21.8965
84420,24.0084,150.0,150.0,200.0,16.0,0.18,21.8349
84480,23.9909,150.0,150.0,200.0,16.0,0.18,21.8881
84540,23.9735,150.0,150.0,200.0,16.0,0.18,21.8504
84600,23.9562,150.0,150.0,200.0,16.0,0.18,21.8421
84660,23.9389,150.0,150.0,200.0,16.0,0.18,21.8525
84720,23.9217,150.0,150.0,200.0,16.0,0.18,21.7929
84780,23.9045,150.0,150.0,200.0,16.0,0.18,21.8427
84840,23.8874,150.0,150.0,200.0,16.0,0.18,21.8213
84900,23.8704,150.0,150.0,200.0,16.0,0.18,21.845
84960,23.8534,150.0,150.0,200.0,16.0,0.18,21.8019
85020,23.8365,150.0,150.0,200.0,16.0,0.18,21.792
85080,23.8196,150.0,150.0,200.0,16.0,0.18,21.8085
85140,23.8028,150.0,150.0,200.0,16.0,0.18,21.7902
85200,23.7861,150.0,150.0,200.0,16.0,0.18,21.7512
85260,23.7694,150.0,150.0,200.0,16.0,0.18,21.7751
85320,23.7528,150.0,150.0,200.0,16.0,0.18,21.8134
85380,23.7362,150.0,150.0,200.0,16.0,0.18,21.7671
85440,23.7197,150.0,150.0,200.0,16.0,0.18,21.7382
85500,23.7033,150.0,150.0,200.0,16.0,0.18,21.7803
85560,23.6869,150.0,150.0,200.0,16.0,0.18,21.6976
85620,23.6706,150.0,150.0,200.0,16.0,0.18,21.6841
85680,23.6543,150.0,150.0,200.0,16.0,0.18,21.742
85740,23.6382,150.0,150.0,200.0,16.0,0.18,21.742
85800,23.622,150.0,150.0,200.0,16.0,0.18,21.7376
85860,23.606,150.0,150.0,200.0,16.0,0.18,21.6986
85920,23.59,150.0,150.0,200.0,16.0,0.18,21.7153
85980,23.5741,150.0,150.0,200.0,16.0,0.18,21.6723
86040,23.5582,150.0,150.0,200.0,16.0,0.18,21.7153
86100,23.5424,150.0,150.0,200.0,16.0,0.18,21.6547
86160,23.5267,150.0,150.0,200.0,16.0,0.18,21.693
86220,23.511,150.0,150.0,200.0,16.0,0.18,21.6998
86280,23.4955,150.0,150.0,200.0,16.0,0.18,21.6336
86340,23.4799,150.0,150.0,200.0,16.0,0.18,21.6651
86400,23.4645,150.0,150.0,200.0,16.0,0.18,21.6988
